,Total_No_Invoice_Generated,Total_No_of_Items,Total_Spend,Recency
0,1,40,139.12,373
1,1,50,88.88,373
2,1,20,52.5,373
3,1,17,95.95,373
4,1,63,242.85,373
5,1,84,66.6,373
6,1,114,247.5,373
7,1,68,103.4,373
8,1,110,259.14000000000004,373
9,1,152,405.8,373
10,1,40,94.2,373
11,1,132,81.0,373
12,1,78,57.3,373
13,1,17,30.270000000000003,373
14,1,9,13.95,373
15,1,10,31.0,373
16,1,11,34.45,373
17,1,74,247.3,373
18,1,73,155.85,373
19,1,104,254.4,373
20,1,17,147.15,373
21,1,34,68.0,373
22,1,1147,3011.97,373
23,1,21,35.49,373
24,1,30,135.8,373
25,1,13,87.55000000000001,373
26,1,298,306.28,373
27,1,428,202.8,373
28,1,152,282.88,373
29,1,292,550.0,373
30,1,70,234.1,373
31,1,5,10.05,373
32,1,9,20.55,373
33,1,6,38.3,373
34,1,6,24.6,373
35,1,9,21.95,373
36,1,9,16.8,373
37,1,6,19.0,373
38,1,18,34.5,373
39,1,22,72.0,373
40,1,36,45.0,373
41,1,72,75.6,373
42,1,104,97.8,373
43,1,234,427.86,373
44,1,84,109.2,373
45,1,30,41.1,373
46,1,28,61.8,373
47,1,77,63.14,373
48,1,6,13.8,373
49,1,16,18.3,373
50,1,8,15.6,373
51,1,10,11.62,373
52,1,4,7.02,373
53,1,18,30.14,373
54,1,33,39.3,373
55,1,7,27.7,373
56,1,9,10.54,373
57,1,8,15.0,373
58,1,18,22.53,373
59,1,38,88.5,373
60,1,850,435.9,373
61,1,22,16.0,373
62,1,12,40.0,373
63,1,16,44.08,373
64,1,40,75.2,373
65,1,6,22.9,373
66,1,19,22.55,373
67,1,114,256.57,373
68,1,40,34.28,373
69,1,24,77.7,373
70,1,4,24.0,373
71,1,25,33.93,373
72,1,13,17.15,373
73,1,15,26.05,373
74,1,9,14.95,373
75,1,17,22.74,373
76,1,8,18.5,373
77,1,11,41.35,373
78,1,41,101.69,373
79,1,82,184.98,373
80,1,25,21.69,373
81,1,8,18.9,373
82,1,8,30.6,373
83,1,3,19.85,373
84,1,88,66.91,373
85,1,89,83.9,373
86,1,60,54.72,373
87,1,156,46.8,373
88,1,101,188.35,373
89,1,26,34.3,373
90,1,52,60.3,373
91,1,48,86.88,373
92,1,14,119.3,373
93,1,45,131.34,373
94,1,25,20.82,373
95,1,31,22.4,373
96,1,14,30.25,373
97,1,15,41.35,373
98,1,61,98.75,373
99,1,73,114.35,373
100,1,4,25.4,373
101,1,7,12.75,373
102,1,5,11.25,373
103,1,8,87.69999999999999,373
104,1,184,517.28,373
105,1,122,194.16,373
106,1,55,78.22999999999999,373
107,1,3,3.35,373
108,1,5,17.95,373
109,1,18,43.49,373
110,1,5,14.25,373
111,1,21,13.51,373
112,1,69,184.75,372
113,1,20,73.0,372
114,1,178,129.6,372
115,1,156,129.48,372
116,1,72,40.2,372
117,1,54,86.1,372
118,1,42,95.2,372
119,1,9,29.55,372
120,1,60,95.4,372
121,1,222,112.76,372
122,1,23,78.25,372
123,1,18,33.8,372
124,1,56,56.4,372
125,1,55,107.13,372
126,1,36,45.0,372
127,1,9,16.3,372
128,1,40,44.35,372
129,1,30,22.14,372
130,1,32,39.25,372
131,1,20,112.2,372
132,1,7,50.55,372
133,1,18,29.5,372
134,1,83,95.7,372
135,1,49,40.5,372
136,1,103,217.05,372
137,1,61,166.57,372
138,1,7,9.75,372
139,1,6,11.7,372
140,1,5,29.7,372
141,1,77,145.29000000000002,372
142,1,117,578.25,372
143,1,38,39.74,372
144,1,50,30.06,372
145,1,44,48.4,371
146,1,7,8.68,371
147,1,1517,303.0,371
148,1,6,18.9,371
149,1,16,32.8,371
150,1,41,96.85,371
151,1,49,16.869999999999997,371
152,1,12,26.070000000000004,371
153,1,9,28.77,371
154,1,4,16.4,371
155,1,3,15.2,371
156,1,36,51.6,371
157,1,30,44.5,371
158,1,21,48.75,371
159,1,14,15.6,369
160,1,11,33.58,369
161,1,17,56.55,369
162,1,87,96.2,369
163,1,5,7.55,369
164,1,16,202.40000000000003,369
165,1,10,21.2,369
166,1,53,83.35,369
167,1,7,5.49,369
168,1,7,30.67,369
169,1,13,36.85,369
170,1,10,9.8,369
171,1,33,41.28,369
172,1,12,24.4,369
173,1,13,39.46,369
174,1,11,19.0,369
175,1,10,45.7,369
176,1,52,47.190000000000005,369
177,1,18,22.52,369
178,1,12,72.3,369
179,1,5,6.25,369
180,1,49,60.64999999999999,369
181,1,24,134.44,369
182,1,7,97.75,369
183,1,17,42.52,369
184,1,42,79.64,369
185,1,14,14.88,369
186,1,107,108.48,368
187,1,82,89.46000000000001,368
188,1,5,7.35,368
189,1,6,7.7,368
190,1,27,53.900000000000006,368
191,1,3,5.050000000000001,368
192,1,12,14.260000000000002,368
193,1,53,143.85,367
194,1,110,32.2,367
195,1,28,21.3,367
196,1,19,49.35,366
197,1,57,34.61,366
198,1,58,45.6,366
199,1,8,71.0,366
200,1,6,17.83,366
201,1,32,64.0,366
202,1,49,87.49000000000001,366
203,1,38,19.43,366
204,1,21,250.4,366
205,1,40,70.39,365
206,1,59,273.65,365
207,1,15,26.85,365
208,1,9,27.05,365
209,1,57,99.25,364
210,1,26,82.89999999999999,364
211,1,39,122.55,364
212,1,42,30.19,364
213,1,72,118.3,364
214,1,51,27.31,364
215,1,102,151.5,362
216,1,107,184.25,362
217,1,55,116.25,362
218,1,16,86.6,361
219,1,46,135.82,361
220,1,12,55.7,361
221,1,49,177.15,361
222,1,62,325.0,361
223,1,324,196.2,360
224,1,52,88.68,360
225,1,109,89.91,360
226,1,18,44.6,359
227,1,4,31.6,359
228,1,48,100.48,359
229,1,42,62.3,359
230,1,24,54.0,359
231,1,37,43.7,358
232,1,96,162.48,358
233,1,37,78.53999999999999,358
234,1,3,7.45,358
235,1,42,64.56,358
236,1,44,78.1,357
237,1,15,31.45,355
238,1,33,27.16,355
239,1,30,19.55,355
240,1,109,115.65,354
241,1,84,47.88,354
242,1,6,133.79,353
243,1,5,10.15,351
244,1,60,64.13,338
245,1,33,89.7,336
246,1,46,51.3,336
247,1,19,58.1,332
248,1,1307,3374.65,331
249,1,32,23.85,330
250,1,45,25.14,330
251,1,493,1254.15,329
252,1,51,52.8,326
253,1,19,39.75,326
254,1,24,32.5,320
255,1,20,96.1,318
256,1,4,19.2,316
257,1,14,64.7,313
258,1,82,63.32,311
259,1,26,53.34,310
260,1,26,49.65,305
261,1,24,58.5,301
262,1,13,30.46,299
263,1,72,30.24,296
264,1,108,63.72,295
265,1,60,40.68,295
266,1,44,33.120000000000005,295
267,1,22,61.3,292
268,1,10,38.05,292
269,1,84,86.5,291
270,1,6,19.950000000000003,289
271,1,100,65.88000000000001,284
272,1,3,7.23,281
273,1,15,76.05,280
274,1,7,15.15,277
275,1,24,58.8,276
276,1,40,278.79999999999995,275
277,1,16,98.85,270
278,1,166,88.14,264
279,1,24,39.08,264
280,1,129,246.43,257
281,1,3,13.28,253
282,1,42,60.2,243
283,1,62,56.510000000000005,242
284,1,40,62.3,242
285,1,59,105.65,239
286,1,9,23.401,236
287,1,75,129.41,234
288,1,80,68.68,234
289,1,21,144.3,233
290,1,12,17.74,232
291,1,69,48.11,227
292,1,54,162.18,225
293,1,42,56.11,220
294,1,282,413.94000000000005,220
295,1,32,68.5,219
296,1,48,68.42,218
297,1,80,326.65000000000003,215
298,1,23,145.3,215
299,1,26,56.1,213
300,1,9,34.54,212
301,1,14,133.0,212
302,1,16,43.0,212
303,1,34,54.94,212
304,1,1420,1227.2999999999995,211
305,1,34,105.7,211
306,1,23,52.71,210
307,1,130,213.58,208
308,1,19,36.61,207
309,1,25,119.9,199
310,1,53,80.87,191
311,1,49,61.25,190
312,1,17,22.85,187
313,1,71,38.88,185
314,1,53,172.75,184
315,1,22,49.0,184
316,1,21,46.43,184
317,1,46,70.28,183
318,1,21,24.41,179
319,1,7,49.35,179
320,1,6,9.16,179
321,1,42,61.5,178
322,1,39,131.77,178
323,1,33,62.8,178
324,1,41,139.29000000000002,178
325,1,392,618.5899999999999,177
326,1,140,276.52,175
327,1,48,30.0,175
328,1,67,80.16,169
329,1,42,133.46,158
330,1,41,60.52,156
331,1,25,92.23,152
332,1,287,277.97,150
333,1,496,532.3199999999999,150
334,1,47,78.72999999999999,148
335,1,293,1080.85,129
336,1,115,304.65000000000003,127
337,1,73,71.3,126
338,1,151,117.0,121
339,1,240,221.88,119
340,1,242,242.85,110
341,1,12,17.9,109
342,1,644,485.4699999999999,103
343,1,29,35.15,100
344,1,108,42.12,99
345,1,20,96.9,96
346,1,33,79.72999999999999,96
347,1,40,35.14,95
348,1,6,32.47,94
349,1,25,96.96,92
350,1,60,124.8,89
351,1,33,69.03,89
352,1,51,109.29,84
353,1,93,126.85,78
354,1,62,44.3,78
355,1,92,64.12,78
356,1,13,23.16,78
357,1,30,67.26,78
358,1,87,49.03,77
359,1,16,51.6,75
360,1,15,77.77,68
361,1,156,309.12,67
362,1,372,1506.72,67
363,1,564,1428.72,67
364,1,316,1204.36,67
365,1,112,178.10000000000002,66
366,1,111,150.35,65
367,1,3,6.050000000000001,64
368,1,18,105.24,64
369,1,6,41.6,60
370,1,42,99.7,56
371,1,18,63.2,54
372,1,25,62.03,53
373,1,45,469.3999999999999,51
374,1,225,262.6,50
375,1,16,40.18,45
376,1,113,198.05,45
377,1,45,65.85,38
378,1,74,73.45,30
379,1,31,36.03,29
380,1,24,41.8,19
381,1,19,41.13,15
382,1,16,15.04,4
383,1,631,1757.55,18
384,1,197,334.4,310
385,8,536,2506.04,36
386,1,20,89.0,204
387,1,530,1079.4,232
388,1,240,459.4,214
389,3,1591,2811.43,22
390,2,248,1168.06,1
391,3,1165,2662.06,52
392,1,91,189.9,287
393,2,408,552.0,109
394,4,1506,1313.1,7
395,2,174,641.38,291
396,1,173,168.9,4
397,2,591,1887.96,44
398,3,794,1298.04,71
399,1,197,364.6,311
400,1,342,742.9300000000001,25
401,2,178,457.5,10
402,2,944,1628.12,315
403,2,407,852.24,81
404,4,1127,2724.81,21
405,5,808,1845.31,4
406,5,1532,1850.56,184
407,2,126,585.27,28
408,2,354,401.9,337
409,6,1462,2780.66,15
410,1,353,549.84,79
411,1,293,439.66,21
412,4,816,1582.6,72
413,2,1263,2409.9,35
414,1,1394,1635.66,45
415,4,1178,1108.65,119
416,1,11,84.3,303
417,1,94,225.6,323
418,1,96,427.7,49
419,1,857,1710.39,148
420,2,1818,3415.3,22
421,5,1416,1708.12,49
422,5,1409,2888.55,32
423,2,211,693.3299999999999,308
424,3,829,1226.88,74
425,3,286,758.1,66
426,3,300,562.41,217
427,1,407,668.58,112
428,1,345,600.39,63
429,4,484,807.04,15
430,8,1339,1859.31,0
431,2,740,1760.96,162
432,1,496,777.2,78
433,1,258,582.73,194
434,3,533,825.8,21
435,1,117,256.4,43
436,2,394,806.14,84
437,1,211,509.01,99
438,2,1180,2906.85,14
439,1,121,173.55,366
440,1,182,172.06,3
441,1,62,133.4,22
442,1,351,1002.31,57
443,1,190,476.49,243
444,1,243,449.45,44
445,2,128,197.88,156
446,2,185,430.57,16
447,1,473,707.09,134
448,3,1633,3181.04,44
449,2,506,947.4,71
450,2,287,826.88,94
451,2,536,1189.59,18
452,4,776,1344.78,53
453,8,112,1212.05,10
454,2,479,742.1899999999999,17
455,2,366,729.5400000000001,187
456,1,535,723.38,53
457,1,236,680.99,3
458,1,385,527.2,11
459,4,1707,3281.63,28
460,8,1110,2484.98,17
461,3,529,1298.66,9
462,1,105,334.93,336
463,1,260,460.4,38
464,2,192,263.21000000000004,63
465,2,207,433.74,165
466,7,707,1246.1,15
467,1,1236,1043.1,81
468,3,159,403.7000000000001,21
469,1,1783,2169.39,336
470,2,90,482.05,18
471,1,23,73.5,232
472,3,894,1304.81,134
473,2,271,397.88,26
474,1,55,176.5,284
475,2,353,982.57,142
476,2,96,132.18,66
477,1,462,612.29,112
478,1,440,1017.68,267
479,1,131,383.7,353
480,2,875,1312.06,77
481,5,1318,2056.89,0
482,1,175,330.84,63
483,5,1439,2634.26,79
484,1,309,599.68,142
485,2,194,192.72,39
486,3,632,1316.66,0
487,3,234,348.71000000000004,81
488,6,756,1933.48,9
489,4,913,1662.28,59
490,1,45,125.22,14
491,1,153,349.83000000000004,30
492,1,651,1089.18,130
493,2,219,716.35,91
494,1,191,363.95,29
495,3,680,981.18,29
496,1,136,372.7,36
497,2,523,1000.39,75
498,2,633,1161.5,46
499,2,134,207.8,197
500,1,49,95.2,166
501,1,569,964.83,79
502,1,100,168.0,357
503,2,88,437.82,38
504,2,355,599.56,50
505,1,196,269.96,7
506,2,283,561.71,310
507,3,1110,2134.01,5
508,1,177,238.85,302
509,1,133,456.9,261
510,1,80,145.92,288
511,1,265,351.65,86
512,2,523,519.61,39
513,2,452,1020.42,8
514,1,84,160.54000000000002,227
515,1,61,218.45,315
516,5,967,1315.83,35
517,3,469,626.6,35
518,2,1196,2794.51,21
519,1,285,440.42,78
520,1,238,415.7,246
521,1,161,197.71,39
522,2,300,511.36,238
523,2,1279,2040.1,234
524,1,79,196.94000000000003,17
525,1,51,144.0,7
526,1,53,214.9,39
527,2,306,646.68,28
528,1,228,452.85,317
529,2,290,437.6,92
530,3,206,418.1,108
531,2,474,618.27,51
532,8,1964,3023.08,9
533,7,956,1032.58,29
534,5,245,577.0600000000001,189
535,1,162,153.12,58
536,1,63,739.1999999999999,21
537,2,201,254.18,79
538,1,1228,1579.51,60
539,3,648,1126.85,78
540,5,1049,2099.54,22
541,1,846,1193.32,52
542,1,262,704.0400000000001,74
543,5,1644,3344.38,57
544,1,76,315.6,277
545,4,1376,2291.19,2
546,2,284,713.3,95
547,1,210,352.98,29
548,1,96,177.31,21
549,3,1181,1339.41,14
550,1,69,180.1,232
551,1,191,305.1,276
552,2,355,641.13,106
553,2,1612,2683.82,211
554,3,448,786.46,4
555,2,548,1270.88,9
556,1,236,640.5,57
557,4,1162,2163.98,58
558,2,1172,1689.18,89
559,1,577,671.69,33
560,1,201,486.1,238
561,3,311,1174.58,23
562,1,72,185.9,115
563,3,552,1013.26,25
564,6,1808,3344.64,128
565,1,325,477.91,129
566,4,1084,1775.18,33
567,2,897,1346.97,4
568,1,160,318.05,154
569,3,586,623.51,107
570,1,254,314.44,3
571,1,78,114.0,334
572,1,505,919.98,331
573,2,919,2209.85,148
574,5,264,601.98,10
575,4,1044,1643.18,11
576,1,320,686.05,18
577,1,105,91.68,29
578,1,127,245.1,11
579,1,37,63.0,324
580,1,395,620.13,58
581,3,1115,2744.03,150
582,5,1397,2996.05,10
583,1,78,225.9,329
584,2,351,610.52,5
585,4,1133,1970.6,38
586,6,670,1331.39,24
587,4,554,1113.02,58
588,4,443,862.81,0
589,7,1985,2283.63,7
590,6,1523,2863.08,28
591,1,107,89.14,371
592,2,628,1247.61,25
593,1,106,389.01,205
594,6,394,1035.8,28
595,4,255,855.91,127
596,2,509,869.67,70
597,4,220,582.1,7
598,3,508,957.59,28
599,2,678,797.71,79
600,1,53,219.0,19
601,1,164,283.55,71
602,8,1006,2340.84,7
603,1,256,603.42,291
604,3,851,1149.02,96
605,1,508,848.55,0
606,1,192,343.36,106
607,2,708,1053.49,3
608,2,506,1030.98,151
609,1,203,238.25,71
610,2,374,644.95,5
611,6,1959,2656.13,31
612,4,566,997.63,85
613,5,434,725.07,3
614,4,445,1031.41,5
615,1,164,427.8,371
616,4,419,836.33,71
617,1,233,453.01,113
618,1,111,236.26,179
619,1,137,383.95,234
620,1,88,110.4,352
621,2,368,779.5699999999999,315
622,1,173,234.0,332
623,1,148,155.35,372
624,2,486,1013.04,78
625,1,342,427.6,63
626,2,315,540.13,134
627,1,137,275.88,128
628,1,144,112.07999999999998,86
629,3,902,1531.44,52
630,2,1227,1898.52,7
631,2,316,494.08,138
632,1,386,1693.88,316
633,1,356,1143.6,238
634,1,743,1351.45,210
635,1,556,892.47,59
636,5,877,1386.04,17
637,6,825,822.23,19
638,2,671,826.74,63
639,5,1086,2330.92,4
640,6,624,2225.91,2
641,2,280,532.8199999999999,9
642,1,131,311.95,364
643,3,261,463.66,9
644,1,4,91.85,65
645,1,166,324.92,192
646,1,97,192.6,373
647,1,217,400.54,256
648,2,295,545.48,334
649,2,592,860.41,53
650,1,68,430.48,18
651,1,118,254.03,365
652,1,314,427.58,186
653,3,188,483.65,36
654,1,220,489.31,177
655,3,230,514.85,260
656,1,164,229.64,44
657,1,49,125.92,101
658,2,379,1063.46,147
659,2,128,572.2,95
660,1,53,166.04,281
661,1,929,1542.08,261
662,4,722,942.34,3
663,1,70,92.72,214
664,2,550,948.88,70
665,5,230,1759.5,74
666,1,232,397.12,59
667,7,1058,1474.72,2
668,3,197,430.15,5
669,6,494,1018.71,2
670,2,376,293.0,336
671,1,135,215.05,262
672,2,195,383.03,32
673,1,156,417.38,145
674,1,110,312.38,282
675,4,1062,2610.36,59
676,1,24,134.1,173
677,2,355,671.95,33
678,4,1511,2726.77,143
679,2,547,1118.99,70
680,8,781,1702.26,65
681,2,125,325.96000000000004,29
682,4,204,354.09,267
683,1,873,843.64,22
684,2,597,1010.29,31
685,1,106,131.81,96
686,1,149,311.55,294
687,6,800,1957.1,134
688,3,626,1316.25,78
689,1,30,38.1,372
690,6,1076,2170.78,7
691,2,343,1106.4,210
692,1,188,521.2,52
693,1,216,147.12,138
694,2,925,1568.23,26
695,1,171,559.12,283
696,6,928,1607.0600000000002,185
697,2,200,380.64,84
698,2,319,599.97,326
699,1,128,374.0,282
700,2,2019,343.2300000000001,143
701,2,1941,2218.02,57
702,2,547,854.99,236
703,3,370,573.22,44
704,1,21,298.0,275
705,2,246,1463.04,9
706,4,196,703.47,24
707,1,43,309.05,88
708,3,655,1175.22,63
709,2,770,1378.4,67
710,2,76,354.12,214
711,1,256,376.72,24
712,3,950,331.0,185
713,1,90,176.55,30
714,2,210,372.8,42
715,2,110,216.5,204
716,1,66,138.68,264
717,2,294,496.06,18
718,5,1749,2919.81,11
719,2,1200,750.0,176
720,5,1280,2178.67,39
721,8,1692,3075.04,23
722,5,670,1662.3,2
723,5,1417,2453.63,4
724,2,93,363.65,148
725,4,1083,2944.95,138
726,1,120,594.0,128
727,6,673,1335.19,8
728,1,128,162.78,17
729,1,370,405.38,161
730,1,68,172.82,64
731,4,481,933.7,88
732,2,540,679.05,4
733,5,1472,2062.7000000000003,35
734,1,37,117.85,311
735,2,252,415.8,78
736,3,499,607.53,24
737,7,1853,2160.7,2
738,4,559,1063.9,17
739,4,1007,1504.27,15
740,1,140,114.14,25
741,2,404,899.69,54
742,3,198,675.6,131
743,2,289,604.51,35
744,1,165,462.95,288
745,6,1165,1603.99,143
746,7,1080,2064.95,16
747,3,1380,1843.0,2
748,6,503,1064.07,8
749,4,653,1387.79,5
750,1,84,329.85,9
751,1,34,108.07,306
752,2,129,266.39,7
753,8,881,1856.63,8
754,1,282,769.8100000000001,89
755,1,75,160.18,9
756,2,438,1660.9,358
757,1,73,135.95,112
758,4,268,405.47,7
759,1,24,144.8,197
760,1,561,738.6,211
761,1,12,39.24,156
762,2,242,372.22,29
763,1,288,390.54,242
764,1,26,97.5,18
765,2,1533,1239.38,0
766,2,219,558.7,73
767,1,126,505.82,292
768,3,200,409.5,31
769,2,405,503.76,23
770,4,240,414.76,23
771,3,459,974.42,4
772,1,108,211.32,85
773,4,664,1226.89,22
774,3,342,455.88,196
775,3,379,534.85,106
776,1,73,120.95,318
777,3,103,149.05,105
778,2,172,513.7,173
779,1,55,81.57,56
780,1,175,229.47,323
781,1,13,50.55,372
782,8,820,1646.84,9
783,5,1609,3339.64,53
784,3,527,789.89,73
785,2,286,689.9,64
786,5,1620,975.36,1
787,2,798,661.3199999999999,22
788,3,134,1247.5,30
789,2,348,752.4399999999999,11
790,2,375,1010.18,52
791,1,83,190.55,357
792,2,369,642.77,54
793,2,644,921.88,73
794,3,431,881.07,138
795,3,360,908.46,80
796,2,355,676.99,8
797,1,254,516.42,273
798,1,429,560.47,291
799,1,221,305.28000000000003,99
800,2,264,629.31,30
801,4,1228,1819.41,14
802,2,268,656.6800000000001,64
803,1,222,348.15000000000003,212
804,3,894,1214.41,78
805,3,52,271.40000000000003,24
806,1,35,183.4,249
807,1,123,307.53,253
808,1,107,248.61,72
809,1,342,331.98,191
810,4,514,1105.59,12
811,1,74,205.86,373
812,2,322,470.8,24
813,1,32,115.46,82
814,2,200,344.0,10
815,1,110,228.8,192
816,1,69,177.15,266
817,1,485,919.61,129
818,4,862,728.02,1
819,5,62,220.1,4
820,1,120,58.08,179
821,2,187,303.75,4
822,2,216,416.08,157
823,1,466,345.82,28
824,5,279,477.83,70
825,1,144,74.39999999999999,70
826,1,113,101.19,234
827,1,82,243.94,39
828,6,504,1098.48,3
829,4,1293,1531.62,44
830,1,298,350.06,372
831,2,520,786.54,59
832,7,388,1488.67,31
833,4,1567,2294.78,11
834,1,291,501.14,138
835,8,945,984.91,21
836,5,410,1197.81,19
837,1,252,283.73,269
838,2,585,922.39,94
839,1,127,259.17,77
840,1,32,64.0,94
841,3,447,1073.3,23
842,1,20,77.3,261
843,2,32,109.8,273
844,4,1059,1793.58,85
845,5,1328,2607.61,56
846,6,473,962.39,22
847,3,185,422.47,108
848,5,1548,2388.75,84
849,1,258,307.09,19
850,1,21,110.95,332
851,4,145,618.52,39
852,1,154,228.91,26
853,4,144,712.8000000000001,10
854,4,1280,1676.06,14
855,1,363,1257.87,295
856,1,418,486.22,5
857,4,497,971.76,33
858,4,1439,1741.22,49
859,4,784,1201.06,94
860,4,1058,1429.35,8
861,1,56,91.8,22
862,1,29,112.75,313
863,4,1713,1688.29,122
864,2,1376,1021.48,46
865,1,216,417.2,283
866,4,785,791.33,18
867,4,670,1299.59,36
868,2,272,712.88,63
869,1,141,108.81,26
870,3,229,468.41,21
871,2,277,353.65,4
872,1,448,481.49,46
873,1,91,282.45,64
874,1,201,121.18,45
875,3,820,1575.89,39
876,1,95,236.02,337
877,2,842,260.68,18
878,2,595,911.94,95
879,1,46,112.08,61
880,1,26,60.7,135
881,4,1224,1797.78,11
882,4,516,870.09,19
883,4,800,869.46,9
884,2,130,250.26,15
885,6,803,1217.65,58
886,1,316,353.48,93
887,3,834,1095.42,10
888,3,309,786.83,19
889,5,1360,1520.58,56
890,1,297,333.74,267
891,3,262,533.98,122
892,1,88,62.63999999999999,127
893,4,196,819.2900000000001,78
894,2,244,847.41,240
895,2,88,163.20000000000002,200
896,2,1518,2155.95,60
897,1,80,108.21,273
898,1,99,257.7,201
899,1,200,358.0,81
900,1,63,160.95,225
901,7,773,1328.35,12
902,2,1004,605.12,74
903,1,441,1031.07,212
904,2,416,744.85,24
905,4,298,700.73,17
906,1,327,329.56,261
907,4,298,663.65,96
908,3,130,270.40000000000003,112
909,1,232,585.12,203
910,1,38,121.74,92
911,1,125,430.5,50
912,6,1587,1961.52,18
913,4,328,501.12,17
914,2,305,465.68,124
915,3,546,711.41,92
916,2,1572,1030.4,156
917,2,177,399.51,9
918,3,282,672.83,11
919,1,126,283.18,61
920,1,142,557.62,61
921,2,210,944.1,268
922,1,125,200.29,263
923,5,1740,2092.66,53
924,1,240,211.49,37
925,2,96,276.56,31
926,1,153,138.98,113
927,2,161,590.9300000000001,63
928,4,176,258.4,15
929,1,537,542.73,40
930,1,73,137.75,78
931,3,518,798.46,122
932,3,307,1132.14,18
933,2,90,93.66,59
934,1,91,201.19,330
935,4,2051,2709.12,23
936,1,233,361.11,155
937,2,347,578.9399999999999,38
938,2,453,873.74,189
939,1,82,201.2,359
940,1,78,87.4,137
941,4,963,2089.85,7
942,1,96,360.0,1
943,1,30,142.5,268
944,1,203,371.89,169
945,4,345,618.09,103
946,1,238,300.42,351
947,3,843,1385.51,22
948,5,1544,1456.79,7
949,3,587,1132.03,28
950,2,305,598.57,4
951,5,851,1555.32,22
952,3,560,775.94,1
953,6,1035,2273.68,66
954,3,304,640.76,1
955,4,1086,1532.2,78
956,2,372,567.36,72
957,1,117,199.48,17
958,5,175,787.85,3
959,1,240,675.3,81
960,1,680,1308.48,316
961,2,463,789.0,31
962,3,751,1140.93,92
963,1,179,350.9,14
964,1,559,795.12,77
965,1,255,472.02,157
966,1,326,860.12,200
967,1,301,775.85,260
968,1,135,353.43,177
969,3,952,2511.69,67
970,1,141,389.5,287
971,1,205,341.36,70
972,1,136,233.76,64
973,1,225,247.32,10
974,2,287,979.12,16
975,1,117,373.94,66
976,1,321,397.98,60
977,1,604,743.53,71
978,1,314,674.7,122
979,1,325,768.24,80
980,1,321,609.4,257
981,1,285,439.03,268
982,1,161,439.56,63
983,4,1382,3090.74,9
984,2,710,992.5,17
985,1,71,134.95999999999998,71
986,2,1247,2225.37,33
987,2,327,623.4,256
988,1,149,308.28000000000003,365
989,1,343,754.87,371
990,1,159,378.64,89
991,3,1651,3312.25,60
992,1,442,778.65,88
993,3,493,1019.76,99
994,3,601,572.56,26
995,1,131,222.99,280
996,1,281,534.57,329
997,2,282,677.1,131
998,3,428,782.96,11
999,1,224,544.08,74
1000,1,336,307.72,185
1001,2,600,1360.99,29
1002,5,430,1544.13,72
1003,1,281,457.34,192
1004,2,479,621.23,127
1005,1,44,75.0,17
1006,2,111,252.49,1
1007,3,165,572.451,74
1008,5,518,1003.06,24
1009,1,72,213.55,107
1010,3,1574,1390.5,133
1011,2,142,712.5,43
1012,2,162,640.83,4
1013,1,275,221.06,63
1014,2,101,159.85,149
1015,2,1128,1833.71,40
1016,1,1326,2626.3,64
1017,3,1122,1609.21,108
1018,3,545,582.6,19
1019,1,151,201.78,10
1020,4,1390,1006.8,10
1021,2,751,679.45,18
1022,2,672,1269.1,67
1023,2,300,534.24,74
1024,1,76,196.89,1
1025,7,1283,3408.06,14
1026,1,242,283.71,255
1027,1,204,296.64,91
1028,3,584,1129.14,23
1029,1,222,291.88,23
1030,6,1982,2043.72,26
1031,2,2,590.0,259
1032,2,134,356.98,165
1033,2,354,1058.34,24
1034,6,764,1751.72,17
1035,2,286,183.44,29
1036,3,1170,1445.0,38
1037,1,62,151.5,252
1038,1,403,674.68,58
1039,1,259,307.9,184
1040,2,580,1071.91,10
1041,2,100,165.0,99
1042,2,266,422.64,60
1043,1,129,226.84,236
1044,4,1012,1431.78,191
1045,2,417,1238.47,178
1046,6,1021,1454.58,37
1047,2,134,300.95,200
1048,5,1142,1804.56,45
1049,1,116,184.64,232
1050,1,160,140.34,65
1051,1,44,313.8,241
1052,1,277,454.24,233
1053,3,669,1122.41,78
1054,3,265,575.4,57
1055,4,560,449.52,105
1056,3,408,1269.84,136
1057,2,380,618.63,275
1058,1,162,316.26000000000005,311
1059,5,829,2044.87,7
1060,2,341,653.33,10
1061,2,163,348.05,282
1062,5,1365,1159.11,17
1063,3,609,1166.77,23
1064,1,560,1340.32,288
1065,3,264,292.0,16
1066,1,248,216.85,71
1067,1,178,295.93,64
1068,2,324,458.52,316
1069,4,1597,2479.16,3
1070,1,24,110.97,243
1071,7,1106,979.72,8
1072,4,1386,1791.56,1
1073,1,143,251.21,260
1074,1,109,205.1,126
1075,1,40,152.20000000000002,73
1076,4,681,891.12,72
1077,3,984,1374.41,21
1078,3,1369,2128.42,59
1079,1,382,627.16,85
1080,1,23,122.75,78
1081,1,44,125.8,30
1082,5,322,650.1800000000001,40
1083,2,394,628.78,14
1084,7,1683,2242.36,33
1085,2,74,307.76,78
1086,2,174,483.8,205
1087,1,129,210.31,33
1088,3,202,269.09,182
1089,7,175,1280.85,43
1090,3,320,631.34,85
1091,2,112,276.06,39
1092,3,357,621.09,12
1093,2,436,678.16,96
1094,7,458,918.2,25
1095,1,12,91.8,319
1096,2,546,584.06,28
1097,4,338,594.52,5
1098,1,63,171.42000000000002,7
1099,1,83,141.86,215
1100,3,757,1799.33,81
1101,2,209,777.53,84
1102,3,636,1724.67,144
1103,2,172,240.22,19
1104,2,567,856.84,40
1105,1,66,187.05,173
1106,2,156,338.62,17
1107,1,161,239.49,243
1108,1,534,1384.25,205
1109,2,302,290.25,50
1110,5,449,732.0699999999999,23
1111,4,791,1687.6,25
1112,2,176,467.04,14
1113,1,30,118.0,309
1114,1,725,781.03,155
1115,1,37,142.4,306
1116,1,180,712.4,63
1117,2,114,379.65,14
1118,6,1848,1981.92,11
1119,3,485,1117.13,64
1120,4,84,247.96,35
1121,5,719,2011.88,108
1122,1,359,396.97,52
1123,2,384,664.11,5
1124,1,52,160.04,47
1125,1,324,219.52,312
1126,2,548,693.32,45
1127,1,267,428.89,64
1128,1,164,164.34,26
1129,3,276,276.75,29
1130,1,288,675.51,40
1131,3,754,1154.4,89
1132,1,189,417.69,318
1133,3,300,544.18,40
1134,1,246,177.34,173
1135,1,343,213.85,116
1136,5,286,727.74,30
1137,1,209,257.23,252
1138,5,1269,1638.47,59
1139,7,1391,2031.78,5
1140,5,1031,2118.93,24
1141,5,700,1547.36,33
1142,1,677,1071.03,67
1143,5,592,949.12,36
1144,3,405,804.3,52
1145,1,93,122.64,15
1146,1,800,1033.34,74
1147,1,151,312.28,215
1148,3,273,519.44,31
1149,1,158,252.1,120
1150,4,887,1648.12,9
1151,2,139,346.6,256
1152,6,922,1836.34,16
1153,2,33,94.2,35
1154,3,578,1095.08,45
1155,2,605,932.97,114
1156,2,490,379.65,164
1157,2,208,367.14,10
1158,5,1019,2639.17,9
1159,2,882,1563.0,205
1160,3,533,881.26,85
1161,1,91,189.47,179
1162,3,41,84.65,60
1163,1,149,299.05,149
1164,2,237,218.55,50
1165,1,282,349.7,75
1166,2,57,186.39,301
1167,2,114,387.44,18
1168,2,330,486.8200000000001,151
1169,1,924,232.6,151
1170,4,360,827.83,17
1171,1,10,59.5,187
1172,1,38,65.13,285
1173,1,70,72.0,182
1174,1,512,910.0,63
1175,1,67,172.25,59
1176,3,1226,1488.32,24
1177,1,177,151.29999999999998,38
1178,1,66,308.58000000000004,155
1179,3,363,711.86,7
1180,1,189,330.79,302
1181,2,351,806.41,267
1182,1,301,285.33,271
1183,1,176,180.48,31
1184,2,140,252.06,218
1185,1,352,228.84,246
1186,5,562,1077.39,281
1187,1,138,138.28,269
1188,6,1959,1445.01,32
1189,2,173,306.55,246
1190,5,609,1041.68,15
1191,4,500,784.9,116
1192,1,316,524.14,36
1193,3,1401,2375.41,131
1194,1,43,199.85,217
1195,8,806,1980.56,49
1196,2,1054,1079.66,38
1197,2,162,333.48,28
1198,6,458,1016.14,36
1199,2,488,752.6,135
1200,2,278,610.59,219
1201,1,498,491.86,28
1202,4,1128,2883.54,24
1203,1,125,339.6,200
1204,1,54,216.9,18
1205,1,425,350.75,240
1206,3,218,668.4300000000001,71
1207,7,1776,1341.6,2
1208,2,1153,1080.52,95
1209,1,496,300.04,162
1210,5,439,948.25,95
1211,5,516,1647.26,53
1212,1,152,296.25,288
1213,6,873,1145.38,124
1214,1,512,741.26,287
1215,2,214,282.6,151
1216,7,1844,3190.55,11
1217,2,287,659.4100000000001,33
1218,2,197,286.79,54
1219,2,642,1070.65,50
1220,1,272,306.72,218
1221,1,728,1714.96,63
1222,4,1477,2634.45,64
1223,3,540,1122.63,33
1224,1,192,345.0,81
1225,1,70,178.7,103
1226,2,318,360.01,7
1227,1,30,127.84,250
1228,6,369,908.86,12
1229,1,136,230.4,367
1230,2,337,309.04,75
1231,1,748,348.8,4
1232,2,1200,1516.0,127
1233,2,92,195.55,66
1234,2,402,688.86,116
1235,1,331,558.32,309
1236,1,168,324.8,66
1237,1,121,277.07,255
1238,7,1462,2588.39,30
1239,2,1900,924.6,52
1240,1,56,256.38,63
1241,1,36,112.6,367
1242,5,782,1747.66,5
1243,1,29,155.05,305
1244,3,312,1499.01,28
1245,3,68,814.5,183
1246,3,333,539.0,42
1247,4,552,1366.86,39
1248,2,864,1579.12,92
1249,2,269,571.6700000000001,23
1250,2,211,382.98,29
1251,3,1109,1140.35,301
1252,2,153,385.64,144
1253,2,611,632.0,5
1254,2,439,957.66,18
1255,5,768,1698.94,32
1256,1,82,189.5,176
1257,3,138,409.8,57
1258,1,311,209.49,22
1259,6,743,2198.45,16
1260,1,28,52.2,19
1261,1,117,383.85,159
1262,4,442,834.57,25
1263,2,182,266.59000000000003,211
1264,4,254,674.82,5
1265,1,196,361.62,11
1266,1,182,312.98,64
1267,3,388,865.0600000000001,24
1268,2,1016,1537.95,51
1269,1,944,1595.48,129
1270,3,1705,2651.46,95
1271,1,312,1090.14,57
1272,3,494,388.5,168
1273,1,75,216.17,57
1274,1,129,201.16,326
1275,5,591,1245.9,1
1276,8,1688,2209.36,18
1277,1,224,305.78,247
1278,4,204,501.56,58
1279,1,57,145.67000000000002,74
1280,3,501,1005.09,31
1281,2,1964,3192.54,7
1282,8,1325,2770.94,2
1283,3,140,389.6,119
1284,1,180,540.45,358
1285,5,1316,1786.79,53
1286,1,36,122.7,63
1287,1,108,117.24,86
1288,1,463,1271.57,54
1289,5,953,1191.13,2
1290,5,1436,2674.48,10
1291,5,300,787.6,7
1292,2,182,506.8,189
1293,1,126,243.56,71
1294,1,147,349.55,204
1295,2,254,595.67,119
1296,1,146,416.9,92
1297,4,983,632.97,26
1298,1,190,821.1,297
1299,3,354,564.62,23
1300,4,1365,2593.07,28
1301,1,200,311.16,50
1302,1,133,155.93,325
1303,2,156,388.52,16
1304,3,430,740.95,183
1305,5,1739,2867.2,72
1306,2,332,332.64,37
1307,4,1478,2369.55,79
1308,2,380,626.45,11
1309,2,228,272.04,49
1310,2,1140,1212.84,49
1311,2,474,384.81,59
1312,1,93,172.25,351
1313,1,185,351.13,53
1314,6,1575,1838.85,1
1315,4,331,678.25,92
1316,1,104,223.85,23
1317,1,214,348.99,74
1318,4,129,464.57,10
1319,2,143,842.65,169
1320,2,274,337.34,57
1321,2,725,1237.53,95
1322,1,72,307.4,294
1323,2,205,608.7900000000001,109
1324,1,390,922.1,263
1325,1,330,376.58,179
1326,1,123,158.85,169
1327,1,70,71.66,35
1328,3,847,568.55,23
1329,4,516,839.14,17
1330,3,443,561.5699999999999,79
1331,1,44,90.6,65
1332,1,40,102.0,360
1333,4,322,730.06,11
1334,3,459,674.45,176
1335,2,1431,3251.071,217
1336,2,150,439.92,1
1337,2,154,322.96,154
1338,5,486,1019.27,5
1339,3,355,594.04,79
1340,2,142,230.22,21
1341,2,87,169.55,21
1342,4,460,664.54,308
1343,1,42,80.7,145
1344,8,1844,2758.26,18
1345,2,187,190.25,70
1346,1,109,264.7,287
1347,1,249,413.59,49
1348,1,154,357.98,206
1349,2,315,196.79,14
1350,1,639,869.87,73
1351,1,172,200.14,60
1352,4,1136,1871.81,39
1353,5,679,920.51,26
1354,1,430,320.46,17
1355,2,1313,1266.08,65
1356,1,190,311.3,213
1357,6,995,852.88,12
1358,1,64,76.8,30
1359,6,932,2274.14,3
1360,5,879,1393.69,15
1361,1,710,635.66,211
1362,3,962,2043.08,45
1363,2,877,529.73,134
1364,3,641,962.19,115
1365,2,365,695.61,198
1366,1,160,328.8,277
1367,3,462,473.02,110
1368,1,1076,505.18,77
1369,1,378,917.34,52
1370,3,1037,1421.61,46
1371,2,441,642.8,16
1372,3,192,631.9,155
1373,1,487,440.0,225
1374,2,345,584.07,7
1375,2,150,327.7,121
1376,1,62,104.82,60
1377,2,198,467.66,63
1378,3,420,648.89,22
1379,5,738,1413.02,28
1380,1,268,626.65,284
1381,2,46,147.20000000000002,176
1382,3,965,1560.38,78
1383,1,92,152.2,33
1384,1,94,141.41,266
1385,4,535,1659.75,109
1386,1,460,154.99,284
1387,5,381,1308.61,8
1388,1,288,409.93,305
1389,2,689,746.36,31
1390,1,89,225.36,19
1391,2,215,260.25,124
1392,1,62,92.46,65
1393,1,216,725.6400000000001,106
1394,1,128,183.6,266
1395,5,1772,1334.34,29
1396,1,45,152.55,266
1397,2,361,374.7,63
1398,1,73,265.85,320
1399,1,130,151.04,32
1400,3,754,942.26,4
1401,1,79,118.67,129
1402,5,268,499.42,40
1403,6,310,1049.37,101
1404,1,301,375.1,124
1405,1,48,45.6,32
1406,2,592,921.62,302
1407,1,110,182.25,364
1408,1,250,191.47,2
1409,1,133,158.75,56
1410,1,391,433.86,12
1411,1,104,147.35,36
1412,1,63,191.95,137
1413,5,769,1105.88,5
1414,2,72,216.21,154
1415,1,800,1266.23,239
1416,7,1793,2703.23,51
1417,2,381,597.91,30
1418,1,88,144.2,72
1419,4,457,677.85,14
1420,7,1651,2915.15,22
1421,4,745,1840.42,3
1422,2,101,386.53,273
1423,5,707,1382.74,19
1424,1,72,90.0,143
1425,1,1618,419.58,84
1426,3,1628,2720.63,10
1427,3,507,691.1300000000001,7
1428,3,321,709.71,122
1429,2,564,637.5,60
1430,5,592,1123.86,1
1431,1,257,480.91,319
1432,3,348,605.64,129
1433,2,600,965.88,1
1434,1,510,415.82,46
1435,2,811,935.05,3
1436,4,355,915.13,2
1437,1,313,311.81,373
1438,1,30,115.8,133
1439,2,108,483.4,78
1440,1,16,157.2,233
1441,1,218,446.62,220
1442,2,496,658.64,35
1443,2,711,621.29,75
1444,2,465,1345.62,239
1445,1,25,118.75,266
1446,2,271,424.89,19
1447,1,781,507.66,40
1448,3,450,1097.62,215
1449,2,142,289.36,173
1450,4,893,2445.91,87
1451,2,1033,1631.77,70
1452,1,53,120.44,275
1453,4,147,562.59,39
1454,1,167,363.79,98
1455,4,150,450.84,10
1456,1,94,134.46,33
1457,3,1515,3222.3,59
1458,4,209,576.9000000000001,297
1459,4,204,549.46,86
1460,2,319,701.57,40
1461,1,127,452.89,66
1462,1,6,197.65,331
1463,6,1162,2054.36,30
1464,2,445,853.39,67
1465,2,760,1012.0,201
1466,1,142,335.52,106
1467,4,290,701.4,18
1468,1,28,185.4,218
1469,7,590,747.44,60
1470,1,72,150.61,2
1471,2,204,466.7,16
1472,1,276,328.16,239
1473,1,114,151.74,94
1474,6,691,2073.43,10
1475,6,760,1905.84,105
1476,1,1152,1070.48,89
1477,5,751,1004.38,30
1478,6,1358,1789.72,11
1479,4,593,1824.3,3
1480,1,160,169.48000000000002,42
1481,1,78,89.94,4
1482,2,272,632.4,247
1483,1,607,683.17,177
1484,3,585,991.13,92
1485,4,483,1009.73,110
1486,5,1296,2214.79,28
1487,3,610,1547.2,51
1488,3,409,925.71,183
1489,5,1941,2048.07,42
1490,4,680,1462.72,49
1491,4,951,754.12,22
1492,5,1959,3144.86,75
1493,2,310,490.86,80
1494,1,38,161.0,373
1495,1,111,146.85,326
1496,2,418,890.34,30
1497,1,146,213.7,183
1498,2,123,280.55,234
1499,2,976,1693.45,219
1500,3,804,1474.06,110
1501,1,47,136.76999999999998,278
1502,1,102,302.58,318
1503,3,1200,1904.05,7
1504,5,1674,2879.7000000000003,1
1505,2,414,969.06,260
1506,5,1682,3099.7200000000003,64
1507,1,68,120.0,141
1508,2,406,1163.45,50
1509,8,1645,2618.23,8
1510,2,70,333.97,154
1511,2,330,530.18,109
1512,3,530,1516.24,162
1513,1,197,492.65,331
1514,1,88,112.32,225
1515,2,599,437.96,73
1516,4,264,559.97,51
1517,3,744,1119.74,98
1518,1,52,134.04,196
1519,2,161,595.25,30
1520,4,541,1910.01,21
1521,3,261,176.63,8
1522,1,188,426.6,213
1523,6,292,911.26,8
1524,5,915,2314.65,11
1525,4,709,1046.56,3
1526,1,84,166.20000000000002,40
1527,4,865,1305.33,17
1528,1,32,43.2,18
1529,1,606,640.14,117
1530,1,139,383.45,222
1531,3,1088,1843.96,71
1532,2,1075,2093.32,51
1533,6,2058,2995.72,88
1534,1,146,310.26,242
1535,6,1012,1611.59,46
1536,1,296,120.0,106
1537,6,1021,2481.13,44
1538,1,255,508.58,64
1539,2,325,477.79,206
1540,2,350,605.0600000000001,114
1541,1,103,183.85,242
1542,1,139,311.65,163
1543,2,252,462.66,124
1544,3,463,840.21,22
1545,1,58,415.2,67
1546,8,1731,2552.21,16
1547,2,375,454.86,16
1548,4,1759,1614.91,16
1549,2,335,588.22,161
1550,1,168,309.52,242
1551,1,58,134.7,218
1552,8,1397,2166.98,45
1553,4,347,668.5600000000001,21
1554,8,477,889.9300000000001,127
1555,1,50,108.98,38
1556,2,605,1021.58,120
1557,1,183,409.57,260
1558,1,86,133.5,10
1559,1,183,282.93,274
1560,4,538,1078.96,157
1561,1,64,90.6,215
1562,2,210,163.62,5
1563,1,92,174.4,365
1564,2,277,701.23,79
1565,1,147,225.12,43
1566,3,371,912.18,19
1567,4,1139,2118.03,31
1568,1,96,151.5,22
1569,1,36,155.0,319
1570,1,34,100.5,295
1571,1,17,76.55,358
1572,1,184,235.56,185
1573,2,219,617.05,191
1574,2,292,348.1,44
1575,1,146,202.68,52
1576,1,1231,615.49,26
1577,3,817,1247.69,38
1578,3,159,202.11,9
1579,1,54,142.4,296
1580,3,795,1727.6,32
1581,8,1941,3212.84,10
1582,2,729,1043.46,65
1583,1,13,67.95,218
1584,2,225,487.99,65
1585,1,454,574.7,149
1586,4,519,1475.81,130
1587,6,827,1449.32,33
1588,1,77,156.75,119
1589,6,1415,2157.73,107
1590,7,1610,2599.03,10
1591,6,1230,2059.4500000000003,71
1592,1,196,1063.0,310
1593,2,786,770.03,42
1594,1,67,121.05,362
1595,2,326,490.22,22
1596,3,1711,1937.25,3
1597,6,483,1051.79,10
1598,1,334,387.52,99
1599,2,365,813.11,57
1600,1,120,265.2,218
1601,2,228,363.34,50
1602,5,428,1224.06,7
1603,1,130,470.36,302
1604,6,368,1372.8,21
1605,1,129,89.06,98
1606,1,60,63.0,365
1607,1,82,131.9,306
1608,1,526,2661.24,319
1609,5,588,2357.6800000000003,8
1610,4,446,1712.89,0
1611,2,482,1589.82,204
1612,4,938,1420.2,53
1613,5,571,1163.23,18
1614,2,104,375.35,9
1615,3,241,483.25,180
1616,2,378,643.9,60
1617,2,116,259.05,10
1618,1,49,119.93,190
1619,1,88,113.64,310
1620,1,760,1837.92,155
1621,3,881,434.34,110
1622,3,178,514.62,98
1623,3,398,1038.44,246
1624,7,1006,2272.4,29
1625,4,276,596.26,17
1626,2,193,461.19,11
1627,8,1135,1852.67,103
1628,2,88,234.34000000000003,74
1629,1,140,547.66,46
1630,3,447,925.85,71
1631,1,110,193.0,257
1632,4,720,1309.6,19
1633,2,117,316.25,253
1634,1,143,279.05,11
1635,2,489,636.51,164
1636,6,1627,2022.81,18
1637,1,97,137.1,281
1638,1,210,321.92,50
1639,1,70,162.8,38
1640,6,712,1165.48,26
1641,1,799,1064.28,67
1642,1,299,463.38,207
1643,2,139,340.93,175
1644,5,1285,2383.24,7
1645,1,92,139.56,25
1646,2,62,123.8,50
1647,2,159,538.8100000000001,311
1648,1,235,475.37,309
1649,5,1098,1957.32,42
1650,3,496,808.44,26
1651,3,117,356.85,88
1652,2,161,251.21,183
1653,4,308,673.26,47
1654,6,594,1367.88,23
1655,2,129,268.05,22
1656,5,784,1314.81,11
1657,2,122,275.28,187
1658,3,361,455.59,100
1659,3,564,990.2,61
1660,6,1110,2076.89,17
1661,2,91,330.45,33
1662,1,278,174.37,64
1663,2,146,270.6,1
1664,4,525,974.54,24
1665,1,251,241.09,108
1666,1,278,364.22,37
1667,6,1395,2862.11,25
1668,4,284,932.85,236
1669,1,39,170.95,259
1670,1,120,355.56,57
1671,2,155,388.25,64
1672,2,428,537.48,15
1673,3,411,952.66,9
1674,8,641,1453.35,58
1675,1,19,103.25,185
1676,2,1536,2004.3,24
1677,2,256,652.8,150
1678,1,136,289.24,311
1679,2,389,757.37,10
1680,2,106,186.23,18
1681,1,90,164.22,151
1682,5,493,859.27,19
1683,4,1443,2279.49,10
1684,2,122,312.54,57
1685,1,510,788.38,85
1686,3,1014,1080.76,75
1687,4,1540,3099.12,95
1688,1,800,1432.0,110
1689,2,412,1530.36,56
1690,1,79,227.39,1
1691,2,95,218.06,280
1692,4,353,859.71,12
1693,1,240,168.63,3
1694,1,217,138.6,16
1695,1,73,114.11,40
1696,4,381,1033.06,169
1697,1,91,157.05,50
1698,1,444,237.36,276
1699,1,5,39.75,371
1700,4,1228,1320.21,15
1701,3,407,557.94,35
1702,3,330,617.15,21
1703,2,183,363.33,7
1704,6,978,1740.6,19
1705,2,566,866.24,11
1706,1,189,221.97,44
1707,1,125,393.33,305
1708,1,168,213.96,10
1709,1,400,660.0,274
1710,4,437,1785.15,4
1711,3,104,406.08,242
1712,3,262,523.44,9
1713,1,152,394.44,245
1714,2,214,412.78,205
1715,5,993,1788.36,1
1716,1,146,320.58000000000004,184
1717,5,418,886.7,32
1718,2,162,225.85,57
1719,2,335,899.63,196
1720,4,1403,2791.27,23
1721,2,272,671.96,91
1722,2,378,955.26,4
1723,3,622,1006.98,50
1724,1,96,114.56,262
1725,1,96,344.90000000000003,266
1726,2,241,609.85,36
1727,1,166,443.6,50
1728,6,1431,2984.49,52
1729,6,880,2107.38,24
1730,1,90,110.46,21
1731,1,76,96.12,58
1732,2,815,693.8100000000001,170
1733,2,258,830.76,67
1734,2,381,597.09,156
1735,1,91,236.04,201
1736,4,1004,1402.59,4
1737,2,343,653.75,67
1738,1,53,114.18,77
1739,7,945,1926.65,1
1740,4,1089,1932.23,8
1741,2,120,291.05,169
1742,4,466,848.22,17
1743,2,47,247.15,5
1744,2,228,285.74,86
1745,1,35,107.95,26
1746,4,578,741.37,28
1747,2,465,636.24,19
1748,5,740,1835.7,60
1749,1,161,195.25,24
1750,3,770,1259.24,241
1751,2,326,392.86,280
1752,2,454,765.55,234
1753,5,1004,1736.4,3
1754,1,336,596.36,16
1755,3,76,498.95,71
1756,2,80,52.0,187
1757,1,470,628.38,106
1758,1,76,112.8,208
1759,2,167,355.05,44
1760,5,707,2114.33,30
1761,4,265,591.55,137
1762,1,34,172.9,264
1763,7,1630,2078.95,4
1764,2,181,188.61,218
1765,5,602,1217.27,1
1766,1,77,109.13,214
1767,3,1314,2195.1,32
1768,1,183,318.17,14
1769,3,621,1126.37,2
1770,4,375,599.48,14
1771,3,315,917.07,29
1772,1,229,160.19,24
1773,4,521,867.38,24
1774,2,495,307.51,43
1775,3,219,663.81,5
1776,1,118,180.42,147
1777,1,588,655.58,24
1778,1,62,268.58,274
1779,1,197,313.49,373
1780,3,256,380.02,47
1781,8,1405,2702.49,8
1782,3,345,1164.55,3
1783,7,601,1314.45,42
1784,3,735,1448.21,197
1785,6,841,1400.34,11
1786,7,626,1084.98,16
1787,5,1038,1220.26,112
1788,1,84,328.2,249
1789,5,1223,1415.75,29
1790,1,260,389.64,43
1791,1,211,563.15,87
1792,2,486,638.05,44
1793,1,416,738.96,15
1794,1,160,420.5,75
1795,4,419,1484.06,144
1796,3,569,1625.97,4
1797,1,40,89.2,297
1798,2,118,255.9,58
1799,1,341,300.52,263
1800,1,190,278.3,46
1801,3,135,254.11,29
1802,6,1349,2473.37,8
1803,2,52,192.6,17
1804,2,490,876.42,232
1805,1,82,139.26,112
1806,3,1174,1011.9,58
1807,2,306,730.86,127
1808,3,84,386.15,280
1809,2,310,447.68,54
1810,1,114,200.1,319
1811,2,237,289.99,26
1812,2,84,77.4,10
1813,2,421,679.4399999999999,7
1814,1,116,197.64,28
1815,4,699,745.06,16
1816,1,2,6.2,63
1817,1,91,228.99,21
1818,7,673,1319.91,2
1819,1,17,131.45000000000002,166
1820,3,150,173.74,52
1821,1,146,157.7,51
1822,1,173,189.34,61
1823,3,370,845.55,162
1824,1,121,353.27,8
1825,4,114,546.4,15
1826,1,330,193.39,75
1827,2,66,152.88,369
1828,2,744,778.5,36
1829,1,5,271.85,197
1830,2,655,1110.34,200
1831,3,324,657.8,73
1832,2,109,272.07,64
1833,4,253,507.29,21
1834,1,20,48.8,366
1835,3,88,321.43,180
1836,4,525,1127.71,10
1837,4,452,697.55,29
1838,1,164,188.88,53
1839,6,734,1720.3,17
1840,2,43,99.45,10
1841,4,1436,1649.5,89
1842,1,31,62.85,267
1843,6,1778,3295.76,53
1844,4,1166,2824.69,43
1845,4,1833,3189.81,63
1846,1,120,309.4,148
1847,1,293,325.75,311
1848,2,325,511.35,23
1849,6,1747,2836.69,58
1850,2,82,475.8,24
1851,7,1820,2740.03,78
1852,2,267,645.65,119
1853,3,711,1290.53,36
1854,2,464,1173.12,59
1855,4,671,1353.74,12
1856,1,232,170.32,19
1857,1,117,125.79,52
1858,2,772,841.1999999999999,25
1859,1,132,266.76,29
1860,2,108,52.2,7
1861,3,328,710.28,185
1862,8,1405,2953.59,3
1863,2,549,721.45,8
1864,1,119,327.25,261
1865,4,179,501.28,3
1866,1,168,519.68,210
1867,2,558,1465.3200000000002,107
1868,3,364,675.59,77
1869,1,316,255.4,19
1870,2,158,589.7,26
1871,6,790,761.59,18
1872,1,724,765.3199999999999,131
1873,1,160,364.8,252
1874,1,1100,1862.0,79
1875,1,184,369.2,207
1876,1,90,135.9,336
1877,1,51,125.65,253
1878,2,505,554.38,148
1879,2,799,1237.85,9
1880,1,265,655.75,85
1881,2,279,468.77,204
1882,4,468,1366.38,7
1883,6,1001,1269.31,23
1884,1,218,332.66,25
1885,2,1985,1025.44,2
1886,2,287,616.15,157
1887,1,132,277.8,74
1888,4,238,434.35,2
1889,2,971,867.85,16
1890,4,1743,1227.43,35
1891,2,112,307.48,91
1892,4,1136,1268.98,70
1893,2,675,1610.15,115
1894,2,509,977.77,212
1895,2,953,1316.07,30
1896,1,418,749.1,50
1897,1,64,310.05,245
1898,1,136,223.88,32
1899,3,1160,2362.96,108
1900,5,417,1257.68,4
1901,1,80,363.53,365
1902,2,1042,1890.94,81
1903,1,935,1784.71,297
1904,3,484,1621.88,56
1905,1,22,100.9,14
1906,2,178,275.82,72
1907,6,673,1101.97,23
1908,1,136,371.2,19
1909,1,311,311.69,79
1910,1,224,285.67,25
1911,1,117,294.85,12
1912,1,34,58.49,253
1913,3,128,483.73,147
1914,4,494,695.42,64
1915,2,221,221.27,8
1916,1,44,126.7,270
1917,5,1159,1472.34,9
1918,1,143,206.21,247
1919,2,363,596.09,96
1920,1,179,183.02,14
1921,1,140,463.8,49
1922,1,127,147.59,30
1923,4,250,1592.06,68
1924,3,639,1097.98,35
1925,1,28,114.77,128
1926,3,369,1314.45,107
1927,1,37,89.94,37
1928,1,380,279.94,57
1929,7,234,790.86,57
1930,5,523,1921.37,72
1931,1,97,102.12,246
1932,2,58,202.37,19
1933,2,256,292.01,198
1934,2,128,326.4,15
1935,1,141,334.54,211
1936,2,102,231.98,38
1937,3,1120,546.1999999999999,46
1938,2,258,414.87,170
1939,1,218,490.52,47
1940,4,862,1641.76,115
1941,1,623,1220.77,147
1942,1,286,480.38,51
1943,1,69,156.91,159
1944,3,639,1259.43,12
1945,1,184,308.94,35
1946,2,225,405.04,53
1947,2,149,257.67,43
1948,1,76,170.04,172
1949,1,63,125.58,33
1950,3,189,496.21,38
1951,1,150,252.81,266
1952,4,527,852.39,11
1953,1,184,361.96,33
1954,3,285,469.0,80
1955,4,565,1066.15,30
1956,4,459,627.13,8
1957,2,372,518.28,71
1958,4,400,653.19,4
1959,1,245,252.73,89
1960,3,316,429.56,72
1961,6,212,685.74,58
1962,1,103,179.93,170
1963,1,30,135.93,199
1964,1,300,537.0,31
1965,2,114,735.66,151
1966,1,222,343.62,269
1967,4,192,381.0,65
1968,1,63,121.17000000000002,273
1969,3,1216,1737.69,25
1970,3,1010,1383.36,23
1971,1,79,207.73,319
1972,3,984,693.95,4
1973,2,198,302.1,12
1974,2,668,1489.5,275
1975,4,257,294.25,8
1976,4,763,987.86,71
1977,1,56,370.8,213
1978,4,1383,3158.13,37
1979,1,317,893.59,53
1980,3,954,1744.76,78
1981,2,364,553.36,46
1982,1,520,1109.53,179
1983,2,269,982.07,93
1984,3,491,1043.41,9
1985,1,431,735.67,105
1986,1,447,773.03,77
1987,1,571,880.85,172
1988,4,389,895.61,212
1989,5,190,504.8,22
1990,1,38,88.2,256
1991,1,470,306.94,281
1992,2,460,1160.07,21
1993,6,1359,2420.84,10
1994,1,208,381.32,308
1995,1,346,480.71,67
1996,2,135,457.81,215
1997,4,1079,1370.6,103
1998,1,120,219.39,42
1999,1,170,248.08,4
2000,1,343,410.48,84
2001,3,80,876.0,333
2002,2,241,317.53,8
2003,2,329,703.36,31
2004,2,635,993.54,196
2005,7,1211,2298.93,18
2006,5,1181,1422.52,17
2007,6,169,319.5,311
2008,4,499,1300.25,141
2009,1,131,484.95,245
2010,4,246,996.1,23
2011,3,710,1567.48,29
2012,1,157,340.11,18
2013,4,648,1352.75,17
2014,5,1948,1551.78,14
2015,1,88,266.4,245
2016,1,296,358.82,133
2017,2,199,457.72,50
2018,3,800,1633.78,114
2019,2,1195,2199.31,7
2020,2,233,184.19,22
2021,1,251,406.53,65
2022,4,1343,1471.0,60
2023,1,197,330.11,169
2024,5,679,977.93,18
2025,3,680,982.42,127
2026,8,887,1387.99,14
2027,1,43,139.05,239
2028,4,776,1286.7,2
2029,2,208,178.96,239
2030,7,1572,2354.25,52
2031,1,365,498.74,46
2032,1,150,259.45,225
2033,4,756,1194.73,4
2034,2,1473,1327.16,164
2035,1,366,623.5,240
2036,1,187,301.29,10
2037,1,128,520.8000000000001,133
2038,1,198,329.25,31
2039,1,89,254.28,75
2040,3,597,961.49,1
2041,1,198,401.4,45
2042,1,84,158.16,357
2043,2,186,304.47,18
2044,3,351,824.58,68
2045,1,160,487.75,373
2046,1,65,158.8,320
2047,1,52,106.56,25
2048,1,290,1289.5,331
2049,5,1610,1609.05,8
2050,1,145,135.75,322
2051,1,454,224.14,71
2052,1,30,40.5,260
2053,5,1938,2206.95,18
2054,1,36,87.5,367
2055,3,544,689.4799999999999,66
2056,2,253,622.85,154
2057,2,199,402.2,29
2058,1,666,310.62,70
2059,2,215,411.41,14
2060,3,918,1044.32,119
2061,1,144,499.32,60
2062,3,469,1079.61,10
2063,2,120,193.64,92
2064,4,396,1268.7,59
2065,5,1210,1236.54,87
2066,6,1753,1827.8,25
2067,1,258,316.58,357
2068,2,378,653.24,85
2069,4,162,420.3,10
2070,5,316,870.12,1
2071,1,228,331.18,225
2072,2,240,894.4100000000001,60
2073,1,36,101.8,241
2074,2,272,328.35,318
2075,8,1254,1661.44,1
2076,3,225,734.94,46
2077,1,28,96.6,87
2078,1,45,305.75,176
2079,6,1393,1778.96,51
2080,1,43,403.25,366
2081,1,440,585.0,318
2082,2,213,755.75,225
2083,2,152,322.08,358
2084,1,226,409.4,234
2085,1,71,154.41,310
2086,5,750,1219.4,36
2087,2,351,429.6,239
2088,2,686,612.06,113
2089,1,196,197.0,276
2090,1,269,321.05,298
2091,4,1071,1412.32,1
2092,3,692,1071.99,29
2093,2,594,780.59,10
2094,5,1369,1706.57,44
2095,8,1817,1741.44,66
2096,1,185,316.68,74
2097,2,405,631.57,65
2098,3,1784,2515.84,134
2099,2,247,514.15,238
2100,1,160,356.0,122
2101,2,522,740.78,36
2102,5,866,918.2,16
2103,1,275,300.36,127
2104,1,489,890.85,66
2105,1,55,98.45,148
2106,1,46,317.15,283
2107,2,142,623.16,168
2108,7,885,1810.77,100
2109,1,270,254.82,135
2110,1,73,178.95000000000002,323
2111,1,89,156.51,106
2112,1,265,393.74,64
2113,2,612,1506.12,151
2114,1,18,119.3,338
2115,5,944,1717.36,22
2116,1,26,408.8,23
2117,7,1521,2379.49,15
2118,2,310,721.94,57
2119,2,619,716.57,4
2120,1,498,615.14,37
2121,1,61,128.63,66
2122,1,205,255.9,46
2123,1,189,290.51,354
2124,1,154,113.12,172
2125,1,55,240.55,49
2126,2,433,486.69,22
2127,5,775,2306.52,43
2128,3,1008,939.78,29
2129,1,55,178.39,201
2130,3,292,641.94,10
2131,1,292,496.44,64
2132,1,248,574.02,290
2133,8,104,694.4000000000001,60
2134,3,810,1174.35,64
2135,1,37,205.3,95
2136,1,175,310.47,274
2137,4,516,924.85,75
2138,1,313,327.97,199
2139,2,862,570.5,64
2140,1,642,312.62,3
2141,1,175,204.5,283
2142,1,326,267.13,44
2143,3,1181,2748.31,70
2144,1,416,679.68,85
2145,1,231,161.74,103
2146,1,386,311.71,333
2147,1,116,208.75,52
2148,3,486,1049.7,39
2149,2,1312,714.96,32
2150,4,652,1661.06,366
2151,1,344,1028.56,208
2152,3,273,350.82,156
2153,1,79,170.22,53
2154,2,416,574.07,66
2155,1,812,2020.52,80
2156,1,283,406.09,129
2157,1,84,364.5,87
2158,3,116,563.94,0
2159,1,81,393.54,45
2160,1,144,252.42,332
2161,1,130,201.6,366
2162,1,84,158.04,72
2163,2,321,463.91,158
2164,1,51,115.65,373
2165,7,742,1934.66,12
2166,2,341,770.12,254
2167,2,45,277.05,29
2168,1,223,427.93,39
2169,1,336,418.92,361
2170,1,144,326.0,372
2171,2,493,913.19,95
2172,7,1084,2314.32,25
2173,2,621,602.51,75
2174,4,1057,1877.59,57
2175,1,230,446.94000000000005,21
2176,7,830,2386.05,40
2177,1,126,168.0,128
2178,3,615,1221.56,40
2179,5,376,1690.2600000000002,8
2180,2,171,596.85,213
2181,2,596,642.41,169
2182,1,161,316.88,40
2183,1,446,394.14,186
2184,1,88,140.54,270
2185,4,1277,1535.53,4
2186,2,150,231.86,16
2187,4,910,2183.54,9
2188,1,17,107.45,325
2189,1,122,288.18,112
2190,1,20,94.0,289
2191,2,769,1345.53,16
2192,3,611,815.77,1
2193,5,390,716.2,92
2194,2,694,626.77,148
2195,1,193,349.1,189
2196,2,254,510.71,31
2197,4,552,1046.74,33
2198,1,106,267.18,264
2199,8,1200,3450.84,84
2200,4,529,1348.93,26
2201,1,108,190.53,171
2202,3,442,759.9000000000001,9
2203,1,551,559.61,313
2204,1,284,508.8,85
2205,1,230,135.86,24
2206,4,500,950.36,58
2207,2,38,97.7,323
2208,1,101,43.5,38
2209,2,554,383.34,254
2210,1,102,93.78,15
2211,2,380,397.35,26
2212,1,65,171.19,23
2213,2,534,533.3,213
2214,5,647,1041.48,8
2215,1,54,149.29,22
2216,1,79,200.16,262
2217,1,59,156.57999999999998,131
2218,3,197,383.68,54
2219,1,120,594.0,248
2220,1,58,113.5,264
2221,1,85,155.17,330
2222,1,232,494.64,312
2223,3,812,974.52,26
2224,1,376,429.84,30
2225,3,280,528.48,29
2226,1,86,179.1,362
2227,3,633,434.59,283
2228,1,132,237.07,262
2229,1,156,161.64,25
2230,1,107,214.26,354
2231,3,172,234.6,94
2232,1,106,126.14,29
2233,1,348,1044.65,338
2234,1,246,334.53,85
2235,3,310,524.88,9
2236,2,155,467.51,51
2237,2,153,538.55,50
2238,1,256,454.48,2
2239,1,251,371.56,113
2240,7,672,1771.2,14
2241,1,319,454.11,77
2242,2,575,1399.92,40
2243,1,303,905.5,116
2244,4,291,225.26,161
2245,3,1281,2564.5,30
2246,3,608,1134.28,22
2247,6,1645,3085.09,95
2248,2,483,659.4599999999999,28
2249,2,1139,1280.58,21
2250,2,624,1262.2,17
2251,4,572,1131.56,8
2252,1,70,141.04,362
2253,1,33,52.83,81
2254,3,842,972.08,22
2255,1,160,475.86,171
2256,6,440,1000.27,189
2257,5,269,900.53,11
2258,2,68,121.0,155
2259,3,27,62.43,44
2260,1,293,267.03,233
2261,8,1263,1921.55,64
2262,1,314,343.5,1
2263,8,1836,3000.2,40
2264,2,572,397.99,32
2265,1,132,412.0100000000001,84
2266,3,387,734.37,2
2267,2,24,148.44,33
2268,8,991,2428.53,18
2269,1,123,229.33,254
2270,4,938,1497.31,21
2271,3,289,807.57,19
2272,4,135,502.9,173
2273,1,29,110.92,163
2274,1,410,538.46,7
2275,1,200,213.3,11
2276,1,49,85.13000000000001,114
2277,1,86,127.86,288
2278,2,162,288.97,54
2279,3,694,1681.46,77
2280,4,295,575.63,4
2281,1,218,436.06,36
2282,1,60,90.12,217
2283,1,449,428.93,60
2284,1,74,217.2,277
2285,1,236,279.77,24
2286,1,213,468.91,28
2287,4,267,800.59,11
2288,4,1501,1400.44,22
2289,2,60,173.16,50
2290,1,223,186.01,18
2291,3,461,758.29,2
2292,5,666,1375.71,103
2293,4,264,650.4300000000001,11
2294,2,355,591.1899999999999,31
2295,4,332,675.64,177
2296,1,394,921.37,37
2297,3,89,258.88,151
2298,1,52,127.1,162
2299,2,117,327.6,68
2300,3,453,682.9100000000001,24
2301,4,313,720.86,23
2302,1,320,455.3,176
2303,4,312,913.68,50
2304,3,243,478.53,255
2305,1,354,388.58,46
2306,1,60,199.8,70
2307,5,983,1771.78,15
2308,5,561,1406.59,100
2309,1,279,324.57,35
2310,1,160,240.68,53
2311,2,718,761.74,26
2312,1,96,48.48,78
2313,1,159,216.39,52
2314,5,441,1198.23,36
2315,1,202,104.76,336
2316,4,714,1093.68,28
2317,1,148,298.48,184
2318,1,66,112.46,51
2319,2,51,180.15,36
2320,4,454,776.851,32
2321,1,136,336.40000000000003,10
2322,3,915,1553.18,56
2323,4,501,1293.03,4
2324,1,125,301.03,141
2325,4,357,588.13,116
2326,4,1188,1534.26,103
2327,2,766,675.8,74
2328,2,800,1186.35,45
2329,1,99,243.55,17
2330,2,284,724.76,89
2331,1,128,223.36,52
2332,1,323,425.32,134
2333,4,1562,1887.2,105
2334,3,246,664.0,191
2335,1,256,612.01,18
2336,3,394,447.64,157
2337,2,218,639.5,204
2338,2,192,816.0,336
2339,3,479,646.3,36
2340,1,208,337.74,91
2341,2,1200,877.4399999999999,92
2342,2,474,907.53,9
2343,1,324,560.67,243
2344,4,343,748.5,45
2345,5,242,1024.1,190
2346,1,111,306.45,43
2347,2,236,309.8,317
2348,1,106,138.14,106
2349,1,157,386.43,50
2350,2,1654,2222.21,168
2351,1,240,301.32,39
2352,4,342,684.34,40
2353,1,91,173.05,296
2354,7,1697,2627.13,18
2355,4,1451,2726.23,88
2356,5,1275,2446.6,73
2357,3,527,323.69,81
2358,1,319,657.23,49
2359,1,184,352.7,52
2360,4,1170,781.28,24
2361,3,952,1333.68,9
2362,5,816,1426.16,25
2363,1,131,193.75,117
2364,2,84,254.1,119
2365,2,408,239.76,4
2366,1,72,136.8,252
2367,1,138,191.04,28
2368,2,212,409.98,266
2369,8,1015,2711.11,33
2370,1,113,309.65,17
2371,2,357,696.68,172
2372,1,66,211.5,264
2373,4,1028,2293.62,140
2374,1,62,143.1,201
2375,4,321,1060.56,63
2376,4,594,916.98,35
2377,7,1217,3235.25,40
2378,1,121,133.25,283
2379,5,486,1072.36,9
2380,2,150,356.7,143
2381,2,186,330.03000000000003,11
2382,4,738,1101.11,145
2383,1,70,150.3,234
2384,1,281,598.73,24
2385,1,388,471.4,11
2386,5,1023,2211.21,35
2387,1,73,190.7,364
2388,2,73,218.25,201
2389,1,221,415.25,15
2390,1,28,85.0,212
2391,3,689,1120.88,65
2392,2,215,294.12,212
2393,1,62,162.3,282
2394,2,346,1339.45,114
2395,8,596,1173.12,14
2396,1,472,449.12,66
2397,1,152,154.88,49
2398,4,214,775.96,16
2399,1,120,34.8,77
2400,4,421,1094.59,19
2401,1,178,196.88,134
2402,3,466,946.64,12
2403,1,50,144.36,40
2404,3,199,458.57,51
2405,6,1427,2364.25,10
2406,4,241,528.01,61
2407,2,491,714.42,65
2408,1,47,205.25,24
2409,3,60,253.04,218
2410,2,251,583.75,65
2411,2,271,1086.92,31
2412,6,2050,3279.97,88
2413,1,170,315.06,64
2414,3,244,621.8299999999999,115
2415,1,311,635.6800000000001,5
2416,1,87,270.8,68
2417,1,68,104.9,245
2418,1,138,241.62,133
2419,4,378,1047.11,241
2420,3,220,475.28,183
2421,3,180,345.46,25
2422,3,864,2614.74,9
2423,1,212,246.3,10
2424,5,1612,2328.9700000000003,32
2425,3,534,933.26,26
2426,1,438,351.3,358
2427,1,113,218.75,10
2428,2,731,1612.69,43
2429,3,553,965.61,14
2430,1,581,610.01,149
2431,8,860,2708.61,1
2432,4,873,2207.4,113
2433,3,955,884.14,75
2434,2,332,696.89,107
2435,3,570,1063.95,46
2436,1,290,415.8200000000001,51
2437,3,602,784.58,46
2438,3,430,903.9,50
2439,5,301,515.77,36
2440,4,861,1391.98,78
2441,6,1071,2218.62,22
2442,5,922,1801.14,107
2443,2,603,1303.91,207
2444,4,1271,1945.33,16
2445,5,1856,2100.6,63
2446,4,1357,1905.45,49
2447,1,128,206.98,319
2448,2,202,570.96,44
2449,2,375,885.47,3
2450,1,220,532.94,172
2451,3,963,1654.31,56
2452,2,996,636.14,99
2453,1,415,576.0,37
2454,3,1092,794.64,58
2455,1,465,836.79,254
2456,4,439,954.09,44
2457,1,26,137.37,50
2458,1,189,391.98,64
2459,3,675,1048.49,33
2460,2,396,355.56,58
2461,4,942,1224.06,72
2462,1,27,118.95000000000002,303
2463,1,134,130.73999999999998,46
2464,2,449,389.27,38
2465,2,298,234.88,19
2466,2,48,160.71,186
2467,1,135,110.8,51
2468,5,470,712.24,136
2469,1,308,297.0,18
2470,5,1163,1427.57,15
2471,8,437,965.16,40
2472,4,585,832.88,8
2473,2,19,68.84,25
2474,6,1192,1936.32,22
2475,3,368,895.13,40
2476,1,124,211.89,101
2477,2,175,149.64,277
2478,1,333,351.44,32
2479,2,187,316.25,14
2480,2,368,490.33,1
2481,1,202,329.03000000000003,369
2482,5,260,501.39,312
2483,4,276,516.36,198
2484,2,223,396.48,2
2485,3,111,379.35,92
2486,1,147,181.09,60
2487,1,76,168.31,80
2488,2,206,420.07,156
2489,1,418,511.68,226
2490,2,164,258.25,253
2491,1,94,179.17,149
2492,2,223,208.59,194
2493,5,567,1383.83,1
2494,1,39,56.25,368
2495,1,216,337.28,23
2496,3,379,351.73,16
2497,1,84,164.68,8
2498,7,544,1567.69,19
2499,1,98,191.94,173
2500,2,185,264.62,178
2501,8,752,1502.86,16
2502,1,42,123.1,247
2503,2,153,334.23,190
2504,2,385,525.69,19
2505,4,99,167.5,154
2506,1,162,323.03000000000003,172
2507,1,138,369.5,373
2508,1,122,127.08,372
2509,1,93,207.15,194
2510,1,139,426.63,67
2511,3,885,1107.46,21
2512,2,115,416.86,239
2513,1,73,145.35,64
2514,5,240,404.58,112
2515,1,232,337.44,133
2516,1,50,325.1,276
2517,1,52,181.0,365
2518,1,898,1708.24,82
2519,2,567,955.24,8
2520,2,284,364.72,16
2521,4,719,1744.71,31
2522,2,313,708.22,8
2523,4,391,781.91,33
2524,8,891,1657.28,15
2525,1,211,428.89,31
2526,1,33,104.35,74
2527,2,298,470.76,19
2528,4,434,808.87,17
2529,2,205,397.68,23
2530,3,124,666.1,2
2531,1,116,314.1,303
2532,1,106,307.82000000000005,366
2533,1,243,371.01,84
2534,2,275,427.64,165
2535,2,1016,1054.73,17
2536,1,888,1098.78,77
2537,3,1560,2398.86,88
2538,8,1866,3408.48,24
2539,4,886,1465.12,22
2540,2,1086,1142.42,123
2541,1,268,168.12,30
2542,7,1533,1432.77,12
2543,1,180,156.78,19
2544,2,443,792.11,44
2545,1,17,41.99,3
2546,1,173,414.27,54
2547,6,380,1032.58,88
2548,5,1185,2735.37,29
2549,1,84,101.4,211
2550,3,323,478.78,23
2551,4,366,972.11,22
2552,3,202,392.4,245
2553,3,799,1415.29,35
2554,3,257,631.83,37
2555,3,907,704.55,3
2556,8,602,1465.51,3
2557,1,102,211.88,47
2558,2,190,408.9,39
2559,3,487,851.01,16
2560,1,255,602.63,260
2561,3,358,719.81,46
2562,1,397,251.03,12
2563,1,338,439.66,29
2564,1,243,236.09,43
2565,6,1147,934.62,91
2566,1,283,331.24,309
2567,2,421,547.9,92
2568,3,242,437.7,196
2569,2,716,758.92,87
2570,3,428,855.02,269
2571,3,244,471.78,7
2572,3,684,1313.55,65
2573,3,1584,3166.4,30
2574,5,743,1177.47,22
2575,4,503,773.99,37
2576,4,897,1340.7,119
2577,2,144,256.44,373
2578,1,278,137.9,173
2579,1,282,362.06,54
2580,2,1793,1511.95,32
2581,1,380,783.9,145
2582,1,22,134.8,220
2583,1,345,650.75,45
2584,7,863,2263.12,16
2585,6,641,1453.16,65
2586,4,800,1153.62,9
2587,1,262,335.32,260
2588,1,228,367.14,365
2589,5,935,1521.04,16
2590,2,457,852.15,22
2591,1,180,326.24,44
2592,1,140,584.3199999999999,288
2593,3,864,1352.0,16
2594,2,128,217.16,81
2595,2,908,1317.62,100
2596,1,216,436.18,299
2597,5,636,981.51,23
2598,5,511,1121.39,59
2599,2,154,315.06,154
2600,3,628,817.86,114
2601,4,647,1078.23,11
2602,1,155,320.62,264
2603,1,87,185.05,240
2604,7,613,2005.63,87
2605,3,434,731.9,50
2606,1,757,1290.7,70
2607,3,942,1842.14,42
2608,6,558,1429.64,7
2609,1,122,298.21,61
2610,1,330,336.96,248
2611,1,74,108.38,65
2612,7,1176,3204.1600000000003,17
2613,1,615,842.5,84
2614,2,612,611.88,218
2615,4,574,195.74,143
2616,1,176,161.38,183
2617,1,43,135.75000000000003,170
2618,1,248,612.78,211
2619,1,130,232.21,189
2620,2,240,423.36,8
2621,4,878,1309.14,59
2622,4,1128,684.4200000000001,73
2623,1,170,307.78,51
2624,1,48,249.0,317
2625,1,124,289.35,367
2626,1,323,656.25,39
2627,5,988,1880.22,17
2628,2,371,618.09,21
2629,1,209,517.55,262
2630,3,440,709.38,59
2631,3,330,635.41,18
2632,2,730,725.18,65
2633,1,238,620.4,88
2634,1,422,535.34,249
2635,6,919,2424.94,3
2636,3,427,734.13,157
2637,1,246,375.0,133
2638,2,308,280.52,4
2639,5,1047,2053.02,42
2640,1,642,1829.04,268
2641,5,1073,1824.23,49
2642,3,347,656.69,15
2643,1,236,348.2,281
2644,2,1162,1025.44,65
2645,1,4,37.4,252
2646,2,192,856.6,232
2647,3,433,822.48,17
2648,4,1325,1822.97,8
2649,6,1770,1885.05,50
2650,1,24,73.2,59
2651,5,787,1140.21,95
2652,6,575,1418.32,15
2653,3,651,1009.55,126
2654,4,533,1037.59,94
2655,1,95,331.95,50
2656,1,94,197.9,138
2657,1,99,215.83,60
2658,1,152,305.54,73
2659,1,113,338.71000000000004,67
2660,6,561,1158.79,64
2661,2,260,529.41,16
2662,4,782,981.86,44
2663,2,134,215.48,15
2664,1,88,215.08,40
2665,1,219,314.45,236
2666,1,129,400.681,75
2667,2,516,1068.87,4
2668,4,1286,1863.47,3
2669,1,191,365.27,360
2670,4,262,592.9,58
2671,1,218,384.18,23
2672,4,516,757.63,30
2673,4,272,537.0600000000001,54
2674,1,140,394.38,25
2675,2,333,664.26,44
2676,5,1178,2247.62,88
2677,1,154,547.02,88
2678,2,244,690.34,19
2679,1,48,159.0,78
2680,3,420,1062.75,170
2681,1,104,242.35,80
2682,1,254,914.93,267
2683,2,91,304.25,235
2684,3,714,860.86,36
2685,1,325,773.5500000000001,318
2686,4,1116,1295.3,57
2687,5,493,1096.32,44
2688,3,192,255.12,203
2689,1,90,314.22,225
2690,2,318,1010.6,87
2691,2,365,542.03,189
2692,4,550,990.88,43
2693,3,174,536.6800000000001,71
2694,5,330,867.31,40
2695,1,184,432.2,78
2696,2,228,414.2,56
2697,2,110,409.1,33
2698,2,855,1522.75,211
2699,3,1014,1413.66,23
2700,1,182,114.56,170
2701,1,78,152.94,61
2702,5,950,1800.07,52
2703,2,208,389.44,261
2704,8,1767,2619.91,16
2705,1,581,752.4300000000001,266
2706,1,2,46.95,176
2707,1,311,1035.45,50
2708,4,301,728.54,17
2709,7,398,861.89,73
2710,2,533,667.65,71
2711,1,688,1141.24,353
2712,5,1024,1404.64,2
2713,1,224,411.7,116
2714,1,153,351.75,373
2715,1,336,559.87,196
2716,1,420,810.6000000000001,176
2717,1,114,566.38,100
2718,3,1046,1502.78,21
2719,1,934,2062.06,72
2720,1,114,168.3,339
2721,5,1236,1570.81,5
2722,2,535,812.68,31
2723,1,298,142.5,169
2724,1,191,302.25,121
2725,4,841,1328.55,9
2726,1,206,301.9,268
2727,3,198,598.2,22
2728,1,158,233.22,126
2729,1,256,361.22,138
2730,6,487,632.27,213
2731,2,467,706.57,106
2732,2,394,616.26,17
2733,2,165,274.15000000000003,3
2734,1,75,226.37,330
2735,8,1484,2938.91,64
2736,3,890,1341.65,119
2737,1,199,328.15,35
2738,1,72,404.4,217
2739,2,732,1038.46,172
2740,5,135,373.65,72
2741,2,231,326.75,1
2742,3,270,408.59,128
2743,3,194,594.24,46
2744,3,147,251.91,17
2745,7,797,1582.8,28
2746,1,87,151.05,36
2747,1,94,214.8,157
2748,1,21,94.05,284
2749,1,486,534.31,107
2750,4,1398,1971.87,24
2751,4,157,322.41,75
2752,2,175,328.58,16
2753,1,18,101.1,158
2754,1,288,565.46,44
2755,2,341,847.45,11
2756,7,805,1415.65,32
2757,1,9,53.5,290
2758,4,545,1116.47,21
2759,1,90,153.9,332
2760,2,300,494.44,17
2761,2,150,395.8,63
2762,3,93,211.77,197
2763,3,246,658.88,33
2764,4,1302,2027.5,1
2765,4,418,891.21,9
2766,5,340,709.99,32
2767,1,52,109.36,53
2768,2,279,705.79,11
2769,1,256,327.3,18
2770,2,643,800.67,37
2771,2,251,479.91,2
2772,3,1030,1545.41,18
2773,4,640,1301.91,82
2774,2,158,355.73,33
2775,2,237,466.73,66
2776,2,691,974.96,8
2777,1,1500,676.2,267
2778,3,267,362.95,247
2779,4,1410,2157.4,4
2780,1,1428,1743.15,61
2781,2,467,643.76,74
2782,2,260,584.5,89
2783,3,258,554.86,60
2784,2,205,302.57,28
2785,1,44,94.36,322
2786,4,1241,1367.07,53
2787,1,201,217.89,269
2788,5,1472,1482.06,60
2789,2,758,1705.8,154
2790,2,263,408.02,19
2791,1,172,303.93,94
2792,2,146,293.45,264
2793,1,114,177.5,312
2794,1,157,443.05,70
2795,2,187,167.25,302
2796,1,116,154.35,18
2797,5,1304,2022.98,36
2798,2,131,211.7,19
2799,1,63,135.99,53
2800,1,148,262.2,56
2801,2,27,126.25,21
2802,1,178,200.27,44
2803,3,672,1051.4,26
2804,3,280,631.12,44
2805,6,428,958.71,112
2806,1,230,346.12,24
2807,1,88,133.56,191
2808,1,199,302.7,302
2809,2,156,241.06,263
2810,1,9,284.55,106
2811,1,103,300.85,57
2812,3,442,623.28,213
2813,1,276,287.4,64
2814,1,106,184.26,28
2815,7,760,1511.8,29
2816,5,463,798.35,5
2817,2,173,381.2,67
2818,3,443,609.3,1
2819,4,407,654.67,46
2820,1,111,230.51,33
2821,1,221,255.91,135
2822,1,76,182.99,198
2823,2,367,707.69,197
2824,1,200,311.92,149
2825,1,120,266.97,87
2826,2,3,6.9,44
2827,7,988,1841.18,63
2828,5,1147,2158.18,99
2829,1,140,208.36,218
2830,3,876,811.23,28
2831,1,48,142.92,177
2832,3,16,136.0,73
2833,4,1163,1422.4,21
2834,3,952,1298.66,19
2835,7,785,1595.96,33
2836,1,31,74.9,74
2837,4,260,625.42,23
2838,4,522,752.77,51
2839,1,141,223.95,274
2840,3,196,316.11,164
2841,4,319,544.3,88
2842,7,1415,2494.46,63
2843,3,224,331.0,25
2844,2,102,300.83,10
2845,1,455,769.29,75
2846,1,346,220.62,15
2847,1,44,139.35,192
2848,2,199,389.3,173
2849,1,235,363.65,77
2850,3,728,498.8,33
2851,1,478,731.5,46
2852,4,1164,1351.63,79
2853,1,675,826.53,296
2854,3,328,648.26,3
2855,3,1111,1599.52,8
2856,6,1396,2965.69,49
2857,2,45,100.97,161
2858,2,127,365.45,360
2859,6,123,400.86,4
2860,4,569,1431.93,106
2861,1,510,465.88,25
2862,1,576,777.6,31
2863,2,42,90.3,19
2864,1,64,363.7,296
2865,1,92,248.1,372
2866,3,405,918.33,21
2867,4,407,874.59,4
2868,5,826,1624.14,52
2869,1,58,101.7,30
2870,1,96,162.7,277
2871,2,327,484.32,61
2872,2,54,215.08,25
2873,3,558,1046.57,186
2874,1,106,290.36,171
2875,1,106,228.06,81
2876,1,171,244.41,3
2877,1,198,455.25,190
2878,7,915,1244.59,22
2879,3,611,1082.81,19
2880,1,356,593.75,5
2881,1,250,548.12,110
2882,4,477,1388.81,2
2883,1,46,119.62,53
2884,1,78,339.3,164
2885,2,549,787.15,290
2886,5,1540,2298.97,108
2887,3,970,922.12,95
2888,2,219,379.73,242
2889,3,402,837.1,42
2890,2,175,285.89,35
2891,7,1890,3313.79,66
2892,2,111,281.85,24
2893,2,500,841.41,26
2894,2,244,511.12,5
2895,1,486,1077.74,53
2896,1,46,173.7,364
2897,5,362,614.66,15
2898,2,996,865.6,194
2899,1,93,124.2,3
2900,3,1239,1421.69,26
2901,3,532,1009.6,127
2902,2,360,663.61,84
2903,1,416,451.44,71
2904,1,134,105.84,182
2905,1,164,313.62,113
2906,1,111,233.45,373
2907,2,646,936.08,80
2908,1,95,463.95,248
2909,1,71,225.15,232
2910,3,368,459.24,71
2911,1,41,213.5,68
2912,3,116,330.03,50
2913,1,64,181.09,75
2914,1,335,360.16,61
2915,2,97,250.15,15
2916,1,184,90.04,4
2917,1,73,145.04999999999998,285
2918,6,1145,813.52,4
2919,1,133,242.7,40
2920,1,336,528.08,36
2921,2,480,482.47,74
2922,1,66,75.66,219
2923,1,47,129.49,186
2924,4,506,1187.66,32
2925,1,293,618.59,70
2926,1,223,506.19,182
2927,2,370,500.42,15
2928,1,91,151.85,235
2929,5,1363,2647.59,31
2930,1,133,226.21,263
2931,2,88,178.96,3
2932,4,302,813.48,51
2933,1,39,129.45,245
2934,2,488,810.5699999999999,80
2935,1,164,333.08,274
2936,1,162,322.8,79
2937,5,1205,2188.05,29
2938,2,489,408.63,73
2939,6,1137,2868.1,17
2940,2,82,217.9,222
2941,4,927,1154.47,32
2942,3,510,1257.51,31
2943,1,256,231.1,105
2944,2,479,688.33,4
2945,1,269,487.51,245
2946,2,826,833.78,177
2947,2,146,214.06,169
2948,1,281,290.66,42
2949,1,372,518.42,71
2950,2,733,1212.66,16
2951,4,282,601.27,141
2952,4,1130,874.43,9
2953,1,40,123.24,368
2954,1,72,39.12,189
2955,4,571,1267.65,16
2956,1,59,135.39999999999998,362
2957,1,233,118.98,19
2958,2,236,567.1800000000001,68
2959,6,318,306.72,15
2960,3,881,1348.88,23
2961,3,875,1692.27,28
2962,2,181,304.24,54
2963,4,636,1592.12,33
2964,1,29,129.75,366
2965,1,94,183.7,43
2966,6,1407,1770.34,72
2967,5,1040,1028.0,4
2968,2,396,324.24,61
2969,4,804,1260.86,1
2970,2,330,422.6,75
2971,2,138,225.58,72
2972,2,152,1276.0,256
2973,2,203,477.86,68
2974,4,146,657.9000000000001,135
2975,1,27,112.75,241
2976,2,840,1998.0,226
2977,3,249,531.35,37
2978,1,285,656.63,45
2979,5,851,3029.87,84
2980,5,833,1651.03,3
2981,3,589,1129.06,218
2982,1,642,301.72,78
2983,2,120,901.2,266
2984,1,407,606.0500000000001,369
2985,7,1175,1770.22,14
2986,1,180,152.95,26
2987,1,172,292.47,262
2988,2,398,576.4,91
2989,7,288,758.27,302
2990,5,945,1358.74,26
2991,1,167,256.32,364
2992,3,994,743.11,52
2993,1,317,603.75,31
2994,3,345,646.76,52
2995,5,1532,2247.41,78
2996,1,172,323.0,176
2997,7,2035,2213.13,29
2998,2,583,836.06,37
2999,5,880,1515.9,17
3000,5,214,623.93,44
3001,1,1031,1764.72,30
3002,1,54,207.5,372
3003,1,189,223.92,58
3004,3,1058,1475.43,114
3005,1,106,239.4,214
3006,1,81,106.83,318
3007,1,203,369.34,65
3008,3,609,789.79,7
3009,1,341,316.62,96
3010,3,480,1207.24,19
3011,1,319,611.85,198
3012,2,536,1145.6,273
3013,3,196,478.09,47
3014,1,80,361.54,260
3015,5,456,757.1,57
3016,1,171,171.59,57
3017,4,322,661.52,67
3018,1,254,371.54,60
3019,2,62,222.62,80
3020,2,194,245.94,74
3021,2,270,422.24,100
3022,1,113,311.25,372
3023,1,24,107.6,19
3024,2,304,594.39,123
3025,1,32,80.8,8
3026,6,898,1545.62,3
3027,2,44,110.38,282
3028,1,146,243.84,57
3029,1,239,414.88,365
3030,1,186,305.62,89
3031,1,524,1162.65,11
3032,4,493,1594.23,163
3033,1,245,332.3,65
3034,3,246,536.99,23
3035,2,539,460.59,173
3036,4,356,762.16,103
3037,3,777,1106.59,142
3038,2,196,288.42,99
3039,5,652,914.69,23
3040,1,114,309.54,192
3041,2,477,547.07,4
3042,1,81,479.35,360
3043,4,274,417.06,103
3044,1,307,497.61,95
3045,1,136,358.38,227
3046,2,236,460.64,15
3047,2,566,775.1800000000001,38
3048,1,158,341.7,51
3049,2,59,128.5,93
3050,1,99,197.22,156
3051,1,264,325.91,38
3052,3,33,199.15,184
3053,4,440,1106.53,1
3054,1,358,413.46,227
3055,2,61,180.85,128
3056,2,165,251.87,39
3057,2,185,588.85,197
3058,3,693,1264.19,100
3059,1,135,214.32,50
3060,1,78,193.44,43
3061,1,182,281.42,52
3062,1,33,124.57,186
3063,1,249,332.41,333
3064,3,271,342.45,4
3065,2,56,144.91000000000005,10
3066,2,164,328.4,23
3067,1,12,35.400000000000006,14
3068,1,91,375.69000000000005,368
3069,2,826,732.81,144
3070,2,140,173.76,59
3071,2,409,502.8,31
3072,3,60,207.74,140
3073,4,583,817.12,22
3074,6,1253,2812.34,22
3075,3,600,680.02,77
3076,5,1069,2095.53,67
3077,6,458,846.62,12
3078,1,12,13.3,84
3079,7,746,1491.43,30
3080,3,424,705.12,66
3081,2,103,272.48,187
3082,2,320,429.84,37
3083,3,178,450.41,15
3084,1,156,192.33,35
3085,3,925,1578.67,194
3086,5,236,518.19,1
3087,1,62,145.93,366
3088,1,91,202.27,64
3089,2,73,289.78,299
3090,3,412,501.03,26
3091,6,520,1271.06,7
3092,3,833,887.11,16
3093,1,629,1706.88,116
3094,1,247,363.2,29
3095,7,1381,3037.6,5
3096,4,263,559.59,81
3097,5,286,928.76,29
3098,1,436,379.14,72
3099,1,82,113.44,290
3100,1,112,183.76,36
3101,6,132,621.6800000000001,9
3102,2,431,562.41,23
3103,1,232,391.52,276
3104,6,721,1068.82,49
3105,1,154,154.18,61
3106,3,467,829.89,21
3107,1,35,230.25,371
3108,3,993,543.05,115
3109,7,929,1295.39,3
3110,3,339,378.89,26
3111,1,82,150.23000000000002,53
3112,2,288,563.23,1
3113,2,397,931.03,54
3114,1,171,261.9,25
3115,3,145,816.73,211
3116,1,312,406.48,235
3117,3,1614,435.02,138
3118,6,791,1286.27,3
3119,3,644,1178.56,56
3120,3,1318,1277.75,134
3121,2,92,167.61,109
3122,4,266,518.67,184
3123,1,114,308.74,17
3124,2,172,416.64,239
3125,1,49,117.35,87
3126,3,304,507.05,38
3127,1,125,234.17,116
3128,1,35,110.55,187
3129,1,291,201.19,226
3130,7,1981,2154.97,8
3131,1,333,319.02,189
3132,2,326,439.43,4
3133,3,815,635.41,39
3134,1,72,357.21,38
3135,1,88,251.52,267
3136,1,166,344.33,77
3137,6,865,1852.0,3
3138,2,739,1028.46,255
3139,1,182,384.06,60
3140,7,1335,1905.87,12
3141,2,1040,1873.2,29
3142,7,401,1616.8,3
3143,1,43,126.12,5
3144,6,1233,1133.25,7
3145,5,860,1614.31,10
3146,6,544,1456.96,30
3147,3,360,702.0,288
3148,4,76,295.0,149
3149,2,294,484.82,23
3150,3,679,1493.73,85
3151,2,771,1312.14,46
3152,4,271,766.78,4
3153,6,597,889.9300000000001,50
3154,1,118,195.36,18
3155,1,186,270.9,30
3156,3,243,583.4300000000001,8
3157,2,176,920.1,40
3158,1,108,71.0,31
3159,3,69,95.85,45
3160,3,235,357.77,60
3161,2,97,154.82999999999998,185
3162,6,416,877.5600000000001,78
3163,2,400,716.0,110
3164,1,146,146.87,63
3165,2,235,380.35,11
3166,3,750,1030.14,86
3167,3,409,730.52,16
3168,2,229,433.53,245
3169,1,656,1267.32,87
3170,1,28,112.4,30
3171,1,181,449.73,137
3172,3,927,1071.49,26
3173,5,990,1036.58,2
3174,4,998,1735.18,32
3175,1,504,948.48,25
3176,3,106,339.44,113
3177,1,510,642.02,157
3178,3,533,1100.9,85
3179,3,485,925.35,117
3180,1,179,240.89,194
3181,1,251,399.09,28
3182,1,122,498.48,130
3183,5,804,1356.33,28
3184,3,592,1179.89,81
3185,1,216,234.24,266
3186,4,418,533.33,313
3187,7,770,1461.14,21
3188,3,316,855.45,58
3189,1,131,304.24,114
3190,4,759,1446.09,17
3191,4,292,834.12,17
3192,3,295,841.0799999999999,36
3193,2,788,378.2,36
3194,1,24,118.8,78
3195,2,166,287.62,22
3196,2,77,288.91,25
3197,2,1049,2003.85,33
3198,3,772,1405.78,109
3199,2,1702,2747.99,35
3200,5,785,1562.4,123
3201,6,1858,2035.08,7
3202,4,868,1991.01,28
3203,7,903,1974.65,4
3204,4,1130,1774.03,50
3205,1,152,302.0,322
3206,3,618,1324.16,22
3207,4,339,1022.13,15
3208,8,459,954.42,2
3209,2,800,971.74,18
3210,4,815,1621.73,10
3211,2,693,665.78,159
3212,6,588,881.29,29
3213,1,50,163.29999999999998,165
3214,1,282,231.61,47
3215,8,215,801.12,5
3216,3,372,837.5,8
3217,1,68,116.2,288
3218,1,154,157.02,317
3219,2,333,591.91,3
3220,1,120,307.46,233
3221,1,80,138.32,119
3222,1,246,345.29999999999995,161
3223,1,129,294.24,185
3224,1,281,230.5,50
3225,1,76,157.09,334
3226,5,983,2463.17,5
3227,2,98,413.2,106
3228,7,1224,1139.73,16
3229,1,126,380.5,275
3230,1,296,454.12,247
3231,1,81,579.0,239
3232,2,483,984.57,1
3233,3,212,749.78,105
3234,4,882,1714.59,22
3235,1,82,124.88,51
3236,3,517,1689.5,194
3237,1,104,213.78,24
3238,1,490,329.34,75
3239,2,242,251.7,17
3240,2,172,319.0,7
3241,3,778,1266.97,32
3242,3,1111,1538.88,21
3243,2,66,293.1,21
3244,7,1501,2467.35,32
3245,1,100,158.68,284
3246,2,78,206.34,38
3247,2,526,835.78,57
3248,1,185,224.91,289
3249,1,480,317.76,78
3250,1,41,59.9,217
3251,4,866,1443.69,44
3252,1,170,306.13,201
3253,3,290,711.79,178
3254,4,670,783.97,56
3255,2,241,239.92,57
3256,6,1296,3347.31,7
3257,2,200,144.0,46
3258,1,144,203.95,226
3259,7,1328,2474.23,11
3260,2,226,383.75,106
3261,2,161,444.74,58
3262,7,1166,2093.68,28
3263,7,1254,1699.3000000000002,35
3264,2,119,262.62,273
3265,1,191,1013.01,29
3266,3,357,692.22,23
3267,1,231,289.78,53
3268,4,646,1564.56,175
3269,1,884,384.08,53
3270,1,76,204.24,53
3271,8,1323,2317.2200000000003,26
3272,1,147,226.85,253
3273,7,1176,2781.23,40
3274,6,272,1059.12,60
3275,1,24,113.5,234
3276,1,89,114.23,31
3277,2,287,334.48,7
3278,1,122,328.65,65
3279,2,110,416.89,310
3280,1,406,393.49,308
3281,6,741,939.32,18
3282,8,1532,1906.09,15
3283,2,185,318.76,96
3284,2,202,417.77,2
3285,1,131,190.88,35
3286,1,55,149.89,182
3287,2,224,550.06,25
3288,6,474,916.13,12
3289,2,105,314.69,11
3290,1,150,382.5,312
3291,2,611,1135.04,108
3292,1,616,954.9,53
3293,1,75,171.45,204
3294,1,105,280.09000000000003,15
3295,1,213,318.65,120
3296,2,167,381.97,3
3297,1,108,269.83,362
3298,2,192,348.91,116
3299,1,43,178.26,18
3300,2,251,271.19,4
3301,2,227,291.48,40
3302,2,141,240.0,107
3303,2,388,581.23,148
3304,5,367,1253.36,52
3305,1,36,63.440000000000005,208
3306,2,389,550.01,138
3307,3,153,296.58,2
3308,2,158,317.2,127
3309,4,844,763.64,107
3310,4,1778,2148.63,42
3311,1,77,107.82,35
3312,2,430,1065.35,227
3313,1,179,246.04,241
3314,1,48,187.83,57
3315,3,1866,1685.46,130
3316,1,117,151.37,21
3317,7,556,1049.06,26
3318,7,1201,1417.63,9
3319,3,513,931.02,31
3320,2,397,513.01,3
3321,3,293,547.0,28
3322,1,65,128.18,17
3323,2,387,498.42,101
3324,4,668,656.61,11
3325,1,137,163.24,21
3326,5,575,1135.63,14
3327,1,144,250.04,361
3328,1,41,82.75,95
3329,2,1005,1384.85,78
3330,3,372,644.3,138
3331,1,1402,2328.84,31
3332,8,1896,2527.92,24
3333,3,1146,2600.34,46
3334,3,634,1200.62,100
3335,2,364,657.16,8
3336,7,760,906.52,15
3337,4,843,986.48,17
3338,1,60,96.8,280
3339,2,142,523.11,14
3340,2,120,363.9,22
3341,1,375,494.25,85
3342,2,315,307.02,302
3343,2,152,243.36,94
3344,3,443,682.29,156
3345,1,56,193.64,355
3346,1,65,157.62,46
3347,4,341,519.6899999999999,15
3348,1,102,98.25,179
3349,4,770,1281.32,8
3350,3,113,587.15,36
3351,2,1200,1740.0,129
3352,1,1006,1393.06,50
3353,1,166,178.22,311
3354,2,152,384.39,24
3355,2,190,360.81,303
3356,1,161,127.86,11
3357,3,328,568.24,17
3358,3,157,488.2,49
3359,2,191,312.23,239
3360,1,149,167.55,238
3361,8,1377,1878.87,23
3362,4,540,446.18,72
3363,3,151,418.4,17
3364,4,408,646.92,40
3365,2,85,495.77,218
3366,3,367,400.1,199
3367,2,86,203.2,70
3368,1,623,389.72,11
3369,1,148,193.39,4
3370,2,88,336.4,19
3371,1,197,256.11,14
3372,6,1902,2686.42,7
3373,2,522,746.81,19
3374,4,1068,1259.56,77
3375,2,480,508.8,163
3376,2,277,417.27,306
3377,1,241,203.87,219
3378,2,250,681.41,22
3379,3,310,653.38,114
3380,1,111,263.92,36
3381,3,726,1031.41,1
3382,3,780,2184.42,333
3383,1,3,32.65,163
3384,2,105,771.85,184
3385,5,616,1214.72,16
3386,3,306,778.94,12
3387,7,738,1258.06,2
3388,1,114,507.84,79
3389,2,289,463.46,42
3390,3,265,598.83,50
3391,2,459,698.41,46
3392,2,407,759.17,19
3393,1,34,100.8,71
3394,3,624,524.9200000000001,128
3395,2,190,265.76,32
3396,1,292,403.3,313
3397,2,207,365.76,18
3398,1,185,303.16,88
3399,7,1693,2373.82,2
3400,2,90,216.3,1
3401,1,103,388.4500000000001,253
3402,3,246,186.42,156
3403,6,1496,2248.56,36
3404,2,198,120.9,176
3405,2,443,541.53,40
3406,7,1203,1721.4,1
3407,2,219,486.72,17
3408,4,243,517.53,192
3409,1,66,131.7,203
3410,1,222,249.86,365
3411,5,826,1737.7,126
3412,1,170,316.5,15
3413,2,537,657.3,43
3414,6,236,622.4300000000001,94
3415,3,770,735.82,22
3416,2,227,675.69,60
3417,1,220,289.96000000000004,158
3418,2,306,763.28,10
3419,2,116,137.0,10
3420,5,787,1870.97,16
3421,5,1675,1125.07,44
3422,3,455,697.54,191
3423,1,178,194.37,79
3424,1,338,511.82,77
3425,4,1061,1255.59,3
3426,3,191,414.04,65
3427,1,191,396.87,261
3428,2,428,376.64,58
3429,7,1134,2092.32,0
3430,1,155,374.57,248
3431,2,229,497.56,7
3432,1,79,271.05,358
3433,1,394,272.22,75
3434,1,711,622.88,289
3435,3,17,1138.0,17
3436,2,160,288.6,220
3437,4,376,689.1,9
3438,2,486,558.96,2
3439,2,556,1145.84,161
3440,1,139,302.2,75
3441,2,359,605.58,261
3442,1,289,387.31,280
3443,1,214,308.48,24
3444,1,254,513.2,72
3445,1,135,208.65,128
3446,4,243,639.02,31
3447,5,414,764.88,15
3448,1,102,153.94,308
3449,6,1236,1844.02,17
3450,1,365,546.81,53
3451,3,519,723.2099999999999,29
3452,5,1034,1070.71,1
3453,4,872,652.74,11
3454,1,90,145.0,361
3455,1,82,422.7000000000001,359
3456,4,310,1195.9,4
3457,4,488,939.37,53
3458,1,136,296.7,190
3459,1,103,223.36,53
3460,1,136,164.4,280
3461,1,6,76.5,177
3462,2,699,887.67,29
3463,1,134,98.42,25
3464,2,194,578.9,24
3465,1,134,170.75,269
3466,3,337,642.32,43
3467,1,58,103.3,233
3468,2,210,148.86,23
3469,3,86,267.16,197
3470,1,142,290.34,359
3471,4,719,930.41,60
3472,1,1048,1487.6,129
3473,5,1763,1952.45,1
3474,2,348,480.31,19
3475,1,101,157.9,205
3476,3,306,541.46,14
3477,4,635,854.95,94
3478,1,144,165.12,19
3479,7,817,1122.38,14
3480,3,146,454.01,24
3481,2,497,869.77,8
3482,1,159,344.14,332
3483,4,95,226.75000000000003,71
3484,3,308,380.6,29
3485,1,77,185.65,242
3486,1,138,143.45999999999998,218
3487,3,258,448.9,4
3488,3,88,215.72,252
3489,1,123,175.27,236
3490,2,458,1242.3,7
3491,3,676,1240.2,100
3492,3,821,1453.02,2
3493,7,1000,2203.67,73
3494,2,550,993.18,85
3495,2,228,386.69,12
3496,1,1176,2044.37,213
3497,1,144,161.67000000000002,17
3498,1,103,116.01,239
3499,1,74,394.72,78
3500,2,169,309.36,217
3501,2,229,191.99,33
3502,6,1808,2048.45,53
3503,1,235,386.32,57
3504,3,140,329.6,130
3505,3,224,571.1999999999999,173
3506,3,319,930.28,5
3507,1,124,214.37,312
3508,1,60,81.44,59
3509,3,514,1379.9,21
3510,1,265,527.0500000000001,32
3511,2,554,843.48,14
3512,1,79,75.75,81
3513,8,1628,1799.12,5
3514,2,158,503.6,169
3515,3,334,528.33,1
3516,4,644,1324.84,31
3517,1,182,285.56,19
3518,2,280,547.0600000000001,31
3519,1,49,108.5,276
3520,1,250,621.66,86
3521,2,474,712.29,119
3522,1,71,101.55,373
3523,3,323,1008.39,219
3524,1,30,133.06,65
3525,4,487,1797.5,60
3526,1,399,868.49,138
3527,1,150,166.08,21
3528,4,1408,1192.56,36
3529,1,41,117.55,277
3530,7,1116,2638.94,10
3531,5,1399,1674.69,73
3532,2,616,595.42,25
3533,1,121,178.75,141
3534,7,797,1802.91,25
3535,2,604,604.64,18
3536,2,596,728.16,3
3537,5,1033,2055.51,66
3538,2,93,347.75,1
3539,7,1916,3406.7200000000003,42
3540,1,110,205.7,227
3541,4,772,1572.71,15
3542,2,1690,3178.17,50
3543,6,1462,1594.97,1
3544,2,672,551.04,74
3545,6,922,1371.18,4
3546,1,207,298.11,263
3547,2,729,1992.11,52
3548,1,96,184.4,23
3549,6,1367,2474.33,10
3550,1,145,239.41,43
3551,7,1907,3155.83,16
3552,2,134,290.40000000000003,358
3553,4,672,740.9399999999999,127
3554,1,231,200.47,137
3555,1,184,283.12,141
3556,2,779,765.34,131
3557,8,1756,2285.71,38
3558,1,93,338.95,236
3559,1,93,154.95,260
3560,4,1266,2534.64,16
3561,1,109,417.95,252
3562,4,1353,1824.37,30
3563,3,590,798.74,35
3564,2,343,885.19,168
3565,2,144,152.4,185
3566,2,90,263.33,187
3567,1,17,137.45,169
3568,2,246,385.1,10
3569,1,215,522.91,44
3570,1,92,153.0,320
3571,1,83,139.35,232
3572,4,576,1195.94,26
3573,4,1595,2424.04,96
3574,6,792,3276.4000000000005,127
3575,3,300,1033.0,71
3576,1,645,1060.25,15
3577,3,1469,2876.01,3
3578,4,493,1240.11,79
3579,1,93,303.97,372
3580,2,463,692.19,38
3581,3,422,700.63,53
3582,3,238,377.44,9
3583,2,108,168.24,9
3584,4,1029,1879.05,19
3585,7,861,2791.35,11
3586,2,89,355.11,113
3587,1,29,110.25,240
3588,2,320,674.52,178
3589,5,1816,1664.65,0
3590,3,697,819.96,17
3591,2,239,287.59,21
3592,1,398,712.78,32
3593,2,351,772.55,50
3594,3,143,367.63,158
3595,1,128,271.2,15
3596,3,1122,2081.9,8
3597,5,365,1143.27,198
3598,2,287,245.81,56
3599,2,55,173.45,10
3600,4,508,1213.73,96
3601,1,72,56.4,254
3602,3,501,647.56,24
3603,3,396,650.32,21
3604,2,34,188.02,159
3605,2,354,283.47,72
3606,1,67,131.94,53
3607,2,195,266.85,85
3608,4,896,1817.54,152
3609,2,211,1117.9,73
3610,1,74,225.9,281
3611,1,46,106.1,29
3612,1,226,300.34,25
3613,2,305,342.83,179
3614,4,176,690.0,40
3615,3,498,780.43,22
3616,3,752,1285.04,82
3617,1,478,512.31,73
3618,1,727,546.04,11
3619,4,329,699.81,12
3620,4,30,36.56,36
3621,3,67,387.68,4
3622,1,408,298.4,51
3623,4,667,1820.09,22
3624,1,496,889.24,298
3625,3,92,398.7,1
3626,1,12,35.400000000000006,33
3627,1,208,155.37,49
3628,3,344,342.24,2
3629,1,88,110.21,47
3630,8,510,1541.23,42
3631,5,1831,2720.8,26
3632,1,257,318.15,42
3633,1,113,205.48,303
3634,1,52,51.56,106
3635,4,114,605.8000000000001,218
3636,2,53,114.34,11
3637,2,84,311.26,185
3638,1,197,208.97,372
3639,4,841,1403.03,1
3640,1,102,141.92000000000002,304
3641,1,93,226.45,368
3642,1,100,330.9,323
3643,3,706,554.85,12
3644,1,174,329.65,142
3645,6,508,1157.87,30
3646,5,111,428.18,107
3647,1,182,155.9,204
3648,5,1035,1848.96,80
3649,6,221,683.46,185
3650,1,98,237.61,170
3651,1,401,379.45,43
3652,1,45,178.51999999999998,173
3653,1,314,458.92,364
3654,1,32,133.35000000000002,304
3655,4,374,664.34,3
3656,4,817,695.0699999999999,3
3657,1,110,156.34,12
3658,3,469,869.28,31
3659,1,30,111.35,129
3660,8,973,716.0,21
3661,2,77,201.37,212
3662,2,402,586.89,322
3663,1,393,203.86,162
3664,3,109,244.1,56
3665,1,149,107.21,225
3666,8,404,1118.96,71
3667,1,127,95.45,44
3668,1,288,256.32,23
3669,3,222,541.8100000000001,172
3670,2,190,152.06,85
3671,1,170,154.55,159
3672,2,72,97.2,190
3673,1,24,110.38,29
3674,1,59,181.07,21
3675,4,406,798.99,71
3676,1,26,72.9,247
3677,1,169,232.03,373
3678,1,223,366.23,9
3679,5,184,310.06,310
3680,2,288,408.65,58
3681,1,457,329.36,3
3682,3,184,335.03,45
3683,1,756,1304.04,88
3684,4,425,820.23,64
3685,7,1160,2962.5,11
3686,2,306,397.29,133
3687,2,140,212.54,45
3688,4,108,843.0,11
3689,5,1594,1740.48,35
3690,2,249,408.36,134
3691,3,789,1331.57,29
3692,2,478,704.25,51
3693,2,82,145.79,138
3694,1,257,380.13,5
3695,1,40,99.14,159
3696,1,252,304.56,130
3697,1,38,77.50000000000001,7
3698,2,75,149.57999999999998,233
3699,1,168,176.68,37
3700,3,366,482.2,72
3701,3,616,1008.54,39
3702,4,273,557.3,198
3703,1,287,111.68,66
3704,1,84,508.4599999999999,116
3705,1,41,73.78,171
3706,1,127,102.41,142
3707,2,294,463.21,31
3708,1,73,112.27,371
3709,1,151,265.1,373
3710,2,152,228.2,166
3711,1,513,562.79,211
3712,1,36,135.19,241
3713,1,176,337.04,51
3714,3,500,703.99,24
3715,1,93,321.79,372
3716,1,342,288.14,29
3717,1,499,300.92,365
3718,4,383,732.41,35
3719,3,682,811.45,165
3720,1,98,152.68,145
3721,1,171,631.35,22
3722,1,261,198.57,185
3723,7,43,201.12,11
3724,3,414,630.84,236
3725,2,25,93.35,225
3726,4,495,674.89,121
3727,1,133,76.1,281
3728,2,219,380.39,37
3729,2,362,415.13,12
3730,1,75,157.92,362
3731,2,86,226.47,3
3732,1,220,444.68,23
3733,1,125,247.39,235
3734,1,60,174.8,256
3735,1,71,102.79,373
3736,2,285,187.29,155
3737,1,66,162.22,28
3738,1,157,120.03,4
3739,5,1027,1477.66,32
3740,3,300,523.0,81
3741,2,55,122.14,108
3742,1,7,38.45,51
3743,1,703,612.72,35
3744,2,184,389.78,152
3745,1,78,115.31,98
3746,2,67,230.65,4
3747,1,42,73.5,334
3748,1,252,93.82,65
3749,2,559,418.68,21
3750,3,584,713.89,35
3751,3,232,403.12,32
3752,6,20,70.02,154
3753,2,148,357.20000000000005,19
3754,1,33,165.04999999999998,53
3755,3,265,529.29,24
3756,1,138,178.34,45
3757,2,127,172.29000000000002,203
3758,1,40,74.4,359
3759,1,302,300.02,70
3760,1,211,363.65,288
3761,1,88,170.16,9
3762,3,258,306.46,23
3763,3,396,720.52,173
3764,2,384,814.0,133
3765,1,108,318.0,75
3766,1,189,396.33,40
3767,2,260,453.0,257
3768,1,288,247.44,185
3769,1,190,489.6,373
3770,2,145,336.13,217
3771,2,642,1231.5,18
3772,3,195,343.45,36
3773,1,608,680.84,25
3774,2,265,689.95,330
3775,1,106,101.34,274
3776,1,107,166.03,61
3777,4,1392,2106.52,93
3778,2,419,580.0500000000001,312
3779,3,788,849.06,11
3780,6,1662,2662.4,7
3781,1,149,168.31,127
3782,2,87,222.4,11
3783,1,362,754.64,37
3784,1,46,113.48000000000002,37
3785,1,126,421.9,329
3786,1,84,271.0,254
3787,1,72,198.8,19
3788,2,255,352.69,12
3789,1,55,220.1,290
3790,1,605,315.65,25
3791,1,124,180.7,367
3792,1,31,111.15,214
3793,2,438,653.3,149
3794,2,582,574.4399999999999,24
3795,1,135,200.92,60
3796,3,187,347.08,19
3797,1,48,112.55,243
3798,3,824,1059.39,15
3799,5,349,681.9100000000001,29
3800,3,379,784.33,63
3801,1,38,152.65,295
3802,2,1276,1019.52,157
3803,2,570,1000.16,116
3804,2,153,160.35000000000002,140
3805,2,203,179.33999999999995,45
3806,3,310,612.0799999999999,50
3807,3,332,566.58,32
3808,2,355,653.35,134
3809,2,255,399.19,3
3810,3,266,371.62,75
3811,2,283,675.64,12
3812,2,354,453.4,9
3813,1,139,530.15,301
3814,2,294,638.0600000000001,57
3815,5,812,1618.69,15
3816,1,184,399.65,37
3817,1,254,302.46000000000004,177
3818,3,382,1384.86,23
3819,6,592,1160.04,176
3820,1,61,202.65,60
3821,3,409,980.31,33
3822,5,481,1231.31,58
3823,4,1220,2106.84,86
3824,1,283,476.35,358
3825,6,709,1340.87,31
3826,4,983,1590.81,128
3827,6,1360,1793.17,9
3828,6,1721,1843.75,4
3829,1,133,366.85,24
3830,2,371,632.07,227
3831,1,183,304.25,249
3832,3,1168,2001.04,15
3833,2,566,1090.24,77
3834,2,140,284.46000000000004,192
3835,1,140,207.8,261
3836,1,339,957.97,71
3837,1,124,243.76,165
3838,1,632,973.84,82
3839,2,431,686.63,95
3840,1,104,150.35,106
3841,3,581,1396.99,199
3842,1,43,160.42000000000002,157
3843,3,1190,1975.35,71
3844,2,192,517.36,36
3845,1,58,139.10000000000002,28
3846,6,1398,2621.38,1
3847,5,359,600.07,25
3848,1,92,216.07,326
3849,1,232,232.48,236
3850,1,118,299.34000000000003,89
3851,1,200,481.75,31
3852,2,491,621.75,29
3853,2,536,641.92,211
3854,1,288,305.28000000000003,226
3855,5,791,1041.61,22
3856,1,335,443.0,92
3857,1,69,158.95000000000002,263
3858,1,21,93.75,217
3859,2,238,779.9,56
3860,7,1316,2810.2000000000003,9
3861,5,819,2071.77,192
3862,4,302,592.97,81
3863,3,1578,1796.48,71
3864,6,403,882.24,29
3865,5,622,987.1,2
3866,5,795,1561.61,218
3867,1,126,422.58,46
3868,4,1017,2232.49,72
3869,7,1788,2567.06,7
3870,2,166,596.1,23
3871,2,511,804.02,122
3872,1,128,95.34,17
3873,1,199,349.27,310
3874,2,234,518.27,50
3875,1,74,103.3,89
3876,8,1041,2337.63,39
3877,3,714,2338.6000000000004,24
3878,6,1475,2628.35,172
3879,2,146,324.24,43
3880,1,182,149.48,140
3881,3,1468,1213.16,25
3882,2,309,771.51,72
3883,1,76,168.6,366
3884,2,101,283.15,38
3885,6,2050,3078.58,2
3886,3,80,204.0,2
3887,1,88,175.92,30
3888,1,186,335.86,43
3889,1,68,110.38,58
3890,1,66,173.9,73
3891,1,45,180.6,277
3892,1,54,80.82,180
3893,2,103,178.05,7
3894,3,1586,1837.28,42
